realtime_end,realtime_start,date,value
2019-08-28,2019-08-28,1952-01-01,156309
2019-08-28,2019-08-28,1952-02-01,156527
2019-08-28,2019-08-28,1952-03-01,156731
2019-08-28,2019-08-28,1952-04-01,156943
2019-08-28,2019-08-28,1952-05-01,157140
2019-08-28,2019-08-28,1952-06-01,157343
2019-08-28,2019-08-28,1952-07-01,157553
2019-08-28,2019-08-28,1952-08-01,157798
2019-08-28,2019-08-28,1952-09-01,158053
2019-08-28,2019-08-28,1952-10-01,158306
2019-08-28,2019-08-28,1952-11-01,158451
2019-08-28,2019-08-28,1952-12-01,158757
2019-08-28,2019-08-28,1953-01-01,158973
2019-08-28,2019-08-28,1953-02-01,159170
2019-08-28,2019-08-28,1953-03-01,159349
2019-08-28,2019-08-28,1953-04-01,159556
2019-08-28,2019-08-28,1953-05-01,159745
2019-08-28,2019-08-28,1953-06-01,159956
2019-08-28,2019-08-28,1953-07-01,160184
2019-08-28,2019-08-28,1953-08-01,160449
2019-08-28,2019-08-28,1953-09-01,160718
2019-08-28,2019-08-28,1953-10-01,160978
2019-08-28,2019-08-28,1953-11-01,161223
2019-08-28,2019-08-28,1953-12-01,161453
2019-08-28,2019-08-28,1954-01-01,161690
2019-08-28,2019-08-28,1954-02-01,161912
2019-08-28,2019-08-28,1954-03-01,162124
2019-08-28,2019-08-28,1954-04-01,162350
2019-08-28,2019-08-28,1954-05-01,162564
2019-08-28,2019-08-28,1954-06-01,162790
2019-08-28,2019-08-28,1954-07-01,163026
2019-08-28,2019-08-28,1954-08-01,163290
2019-08-28,2019-08-28,1954-09-01,163570
2019-08-28,2019-08-28,1954-10-01,163847
2019-08-28,2019-08-28,1954-11-01,164107
2019-08-28,2019-08-28,1954-12-01,164349
2019-08-28,2019-08-28,1955-01-01,164588
2019-08-28,2019-08-28,1955-02-01,164809
2019-08-28,2019-08-28,1955-03-01,165018
2019-08-28,2019-08-28,1955-04-01,165251
2019-08-28,2019-08-28,1955-05-01,165463
2019-08-28,2019-08-28,1955-06-01,165695
2019-08-28,2019-08-28,1955-07-01,165931
2019-08-28,2019-08-28,1955-08-01,166192
2019-08-28,2019-08-28,1955-09-01,166473
2019-08-28,2019-08-28,1955-10-01,166755
2019-08-28,2019-08-28,1955-11-01,167023
2019-08-28,2019-08-28,1955-12-01,167270
2019-08-28,2019-08-28,1956-01-01,167513
2019-08-28,2019-08-28,1956-02-01,167746
2019-08-28,2019-08-28,1956-03-01,167977
2019-08-28,2019-08-28,1956-04-01,168221
2019-08-28,2019-08-28,1956-05-01,168436
2019-08-28,2019-08-28,1956-06-01,168659
2019-08-28,2019-08-28,1956-07-01,168903
2019-08-28,2019-08-28,1956-08-01,169191
2019-08-28,2019-08-28,1956-09-01,169488
2019-08-28,2019-08-28,1956-10-01,169780
2019-08-28,2019-08-28,1956-11-01,170063
2019-08-28,2019-08-28,1956-12-01,170315
2019-08-28,2019-08-28,1957-01-01,170571
2019-08-28,2019-08-28,1957-02-01,170806
2019-08-28,2019-08-28,1957-03-01,171029
2019-08-28,2019-08-28,1957-04-01,171271
2019-08-28,2019-08-28,1957-05-01,171501
2019-08-28,2019-08-28,1957-06-01,171741
2019-08-28,2019-08-28,1957-07-01,171984
2019-08-28,2019-08-28,1957-08-01,172257
2019-08-28,2019-08-28,1957-09-01,172538
2019-08-28,2019-08-28,1957-10-01,172816
2019-08-28,2019-08-28,1957-11-01,173070
2019-08-28,2019-08-28,1957-12-01,173298
2019-08-28,2019-08-28,1958-01-01,173533
2019-08-28,2019-08-28,1958-02-01,173746
2019-08-28,2019-08-28,1958-03-01,173945
2019-08-28,2019-08-28,1958-04-01,174176
2019-08-28,2019-08-28,1958-05-01,174397
2019-08-28,2019-08-28,1958-06-01,174639
2019-08-28,2019-08-28,1958-07-01,174882
2019-08-28,2019-08-28,1958-08-01,175143
2019-08-28,2019-08-28,1958-09-01,175413
2019-08-28,2019-08-28,1958-10-01,175697
2019-08-28,2019-08-28,1958-11-01,175966
2019-08-28,2019-08-28,1958-12-01,176207
2019-08-28,2019-08-28,1959-01-01,176447
2019-08-28,2019-08-28,1959-02-01,176685
2019-08-28,2019-08-28,1959-03-01,176905
2019-08-28,2019-08-28,1959-04-01,177146
2019-08-28,2019-08-28,1959-05-01,177365
2019-08-28,2019-08-28,1959-06-01,177591
2019-08-28,2019-08-28,1959-07-01,177830
2019-08-28,2019-08-28,1959-08-01,178101
2019-08-28,2019-08-28,1959-09-01,178376
2019-08-28,2019-08-28,1959-10-01,178657
2019-08-28,2019-08-28,1959-11-01,178921
2019-08-28,2019-08-28,1959-12-01,179153
2019-08-28,2019-08-28,1960-01-01,179386
2019-08-28,2019-08-28,1960-02-01,179597
2019-08-28,2019-08-28,1960-03-01,179788
2019-08-28,2019-08-28,1960-04-01,180007
2019-08-28,2019-08-28,1960-05-01,180222
2019-08-28,2019-08-28,1960-06-01,180444
2019-08-28,2019-08-28,1960-07-01,180671
2019-08-28,2019-08-28,1960-08-01,180945
2019-08-28,2019-08-28,1960-09-01,181238
2019-08-28,2019-08-28,1960-10-01,181528
2019-08-28,2019-08-28,1960-11-01,181796
2019-08-28,2019-08-28,1960-12-01,182042
2019-08-28,2019-08-28,1961-01-01,182287
2019-08-28,2019-08-28,1961-02-01,182520
2019-08-28,2019-08-28,1961-03-01,182742
2019-08-28,2019-08-28,1961-04-01,182992
2019-08-28,2019-08-28,1961-05-01,183217
2019-08-28,2019-08-28,1961-06-01,183452
2019-08-28,2019-08-28,1961-07-01,183691
2019-08-28,2019-08-28,1961-08-01,183958
2019-08-28,2019-08-28,1961-09-01,184243
2019-08-28,2019-08-28,1961-10-01,184524
2019-08-28,2019-08-28,1961-11-01,184783
2019-08-28,2019-08-28,1961-12-01,185016
2019-08-28,2019-08-28,1962-01-01,185242
2019-08-28,2019-08-28,1962-02-01,185452
2019-08-28,2019-08-28,1962-03-01,185650
2019-08-28,2019-08-28,1962-04-01,185874
2019-08-28,2019-08-28,1962-05-01,186087
2019-08-28,2019-08-28,1962-06-01,186314
2019-08-28,2019-08-28,1962-07-01,186538
2019-08-28,2019-08-28,1962-08-01,186790
2019-08-28,2019-08-28,1962-09-01,187058
2019-08-28,2019-08-28,1962-10-01,187323
2019-08-28,2019-08-28,1962-11-01,187574
2019-08-28,2019-08-28,1962-12-01,187796
2019-08-28,2019-08-28,1963-01-01,188013
2019-08-28,2019-08-28,1963-02-01,188213
2019-08-28,2019-08-28,1963-03-01,188387
2019-08-28,2019-08-28,1963-04-01,188580
2019-08-28,2019-08-28,1963-05-01,188790
2019-08-28,2019-08-28,1963-06-01,189018
2019-08-28,2019-08-28,1963-07-01,189242
2019-08-28,2019-08-28,1963-08-01,189496
2019-08-28,2019-08-28,1963-09-01,189761
2019-08-28,2019-08-28,1963-10-01,190028
2019-08-28,2019-08-28,1963-11-01,190265
2019-08-28,2019-08-28,1963-12-01,190472
2019-08-28,2019-08-28,1964-01-01,190668
2019-08-28,2019-08-28,1964-02-01,190858
2019-08-28,2019-08-28,1964-03-01,191047
2019-08-28,2019-08-28,1964-04-01,191245
2019-08-28,2019-08-28,1964-05-01,191447
2019-08-28,2019-08-28,1964-06-01,191666
2019-08-28,2019-08-28,1964-07-01,191889
2019-08-28,2019-08-28,1964-08-01,192131
2019-08-28,2019-08-28,1964-09-01,192376
2019-08-28,2019-08-28,1964-10-01,192631
2019-08-28,2019-08-28,1964-11-01,192847
2019-08-28,2019-08-28,1964-12-01,193039
2019-08-28,2019-08-28,1965-01-01,193223
2019-08-28,2019-08-28,1965-02-01,193393
2019-08-28,2019-08-28,1965-03-01,193540
2019-08-28,2019-08-28,1965-04-01,193709
2019-08-28,2019-08-28,1965-05-01,193888
2019-08-28,2019-08-28,1965-06-01,194087
2019-08-28,2019-08-28,1965-07-01,194303
2019-08-28,2019-08-28,1965-08-01,194528
2019-08-28,2019-08-28,1965-09-01,194761
2019-08-28,2019-08-28,1965-10-01,194997
2019-08-28,2019-08-28,1965-11-01,195195
2019-08-28,2019-08-28,1965-12-01,195372
2019-08-28,2019-08-28,1966-01-01,195539
2019-08-28,2019-08-28,1966-02-01,195688
2019-08-28,2019-08-28,1966-03-01,195831
2019-08-28,2019-08-28,1966-04-01,195999
2019-08-28,2019-08-28,1966-05-01,196178
2019-08-28,2019-08-28,1966-06-01,196372
2019-08-28,2019-08-28,1966-07-01,196560
2019-08-28,2019-08-28,1966-08-01,196762
2019-08-28,2019-08-28,1966-09-01,196984
2019-08-28,2019-08-28,1966-10-01,197207
2019-08-28,2019-08-28,1966-11-01,197398
2019-08-28,2019-08-28,1966-12-01,197572
2019-08-28,2019-08-28,1967-01-01,197736
2019-08-28,2019-08-28,1967-02-01,197892
2019-08-28,2019-08-28,1967-03-01,198037
2019-08-28,2019-08-28,1967-04-01,198206
2019-08-28,2019-08-28,1967-05-01,198363
2019-08-28,2019-08-28,1967-06-01,198537
2019-08-28,2019-08-28,1967-07-01,198712
2019-08-28,2019-08-28,1967-08-01,198911
2019-08-28,2019-08-28,1967-09-01,199113
2019-08-28,2019-08-28,1967-10-01,199311
2019-08-28,2019-08-28,1967-11-01,199498
2019-08-28,2019-08-28,1967-12-01,199657
2019-08-28,2019-08-28,1968-01-01,199808
2019-08-28,2019-08-28,1968-02-01,199920
2019-08-28,2019-08-28,1968-03-01,200056
2019-08-28,2019-08-28,1968-04-01,200208
2019-08-28,2019-08-28,1968-05-01,200361
2019-08-28,2019-08-28,1968-06-01,200536
2019-08-28,2019-08-28,1968-07-01,200706
2019-08-28,2019-08-28,1968-08-01,200898
2019-08-28,2019-08-28,1968-09-01,201095
2019-08-28,2019-08-28,1968-10-01,201290
2019-08-28,2019-08-28,1968-11-01,201466
2019-08-28,2019-08-28,1968-12-01,201621
2019-08-28,2019-08-28,1969-01-01,201760
2019-08-28,2019-08-28,1969-02-01,201881
2019-08-28,2019-08-28,1969-03-01,202023
2019-08-28,2019-08-28,1969-04-01,202161
2019-08-28,2019-08-28,1969-05-01,202331
2019-08-28,2019-08-28,1969-06-01,202507
2019-08-28,2019-08-28,1969-07-01,202677
2019-08-28,2019-08-28,1969-08-01,202877
2019-08-28,2019-08-28,1969-09-01,203090
2019-08-28,2019-08-28,1969-10-01,203302
2019-08-28,2019-08-28,1969-11-01,203500
2019-08-28,2019-08-28,1969-12-01,203675
2019-08-28,2019-08-28,1970-01-01,203849
2019-08-28,2019-08-28,1970-02-01,204008
2019-08-28,2019-08-28,1970-03-01,204156
2019-08-28,2019-08-28,1970-04-01,204401
2019-08-28,2019-08-28,1970-05-01,204607
2019-08-28,2019-08-28,1970-06-01,204830
2019-08-28,2019-08-28,1970-07-01,205052
2019-08-28,2019-08-28,1970-08-01,205295
2019-08-28,2019-08-28,1970-09-01,205540
2019-08-28,2019-08-28,1970-10-01,205788
2019-08-28,2019-08-28,1970-11-01,206024
2019-08-28,2019-08-28,1970-12-01,206238
2019-08-28,2019-08-28,1971-01-01,206466
2019-08-28,2019-08-28,1971-02-01,206668
2019-08-28,2019-08-28,1971-03-01,206855
2019-08-28,2019-08-28,1971-04-01,207065
2019-08-28,2019-08-28,1971-05-01,207260
2019-08-28,2019-08-28,1971-06-01,207462
2019-08-28,2019-08-28,1971-07-01,207661
2019-08-28,2019-08-28,1971-08-01,207881
2019-08-28,2019-08-28,1971-09-01,208114
2019-08-28,2019-08-28,1971-10-01,208345
2019-08-28,2019-08-28,1971-11-01,208555
2019-08-28,2019-08-28,1971-12-01,208740
2019-08-28,2019-08-28,1972-01-01,208917
2019-08-28,2019-08-28,1972-02-01,209061
2019-08-28,2019-08-28,1972-03-01,209212
2019-08-28,2019-08-28,1972-04-01,209386
2019-08-28,2019-08-28,1972-05-01,209545
2019-08-28,2019-08-28,1972-06-01,209725
2019-08-28,2019-08-28,1972-07-01,209896
2019-08-28,2019-08-28,1972-08-01,210075
2019-08-28,2019-08-28,1972-09-01,210278
2019-08-28,2019-08-28,1972-10-01,210479
2019-08-28,2019-08-28,1972-11-01,210656
2019-08-28,2019-08-28,1972-12-01,210821
2019-08-28,2019-08-28,1973-01-01,210985
2019-08-28,2019-08-28,1973-02-01,211120
2019-08-28,2019-08-28,1973-03-01,211254
2019-08-28,2019-08-28,1973-04-01,211420
2019-08-28,2019-08-28,1973-05-01,211577
2019-08-28,2019-08-28,1973-06-01,211746
2019-08-28,2019-08-28,1973-07-01,211909
2019-08-28,2019-08-28,1973-08-01,212092
2019-08-28,2019-08-28,1973-09-01,212289
2019-08-28,2019-08-28,1973-10-01,212475
2019-08-28,2019-08-28,1973-11-01,212634
2019-08-28,2019-08-28,1973-12-01,212785
2019-08-28,2019-08-28,1974-01-01,212932
2019-08-28,2019-08-28,1974-02-01,213074
2019-08-28,2019-08-28,1974-03-01,213211
2019-08-28,2019-08-28,1974-04-01,213361
2019-08-28,2019-08-28,1974-05-01,213513
2019-08-28,2019-08-28,1974-06-01,213686
2019-08-28,2019-08-28,1974-07-01,213854
2019-08-28,2019-08-28,1974-08-01,214042
2019-08-28,2019-08-28,1974-09-01,214246
2019-08-28,2019-08-28,1974-10-01,214451
2019-08-28,2019-08-28,1974-11-01,214625
2019-08-28,2019-08-28,1974-12-01,214782
2019-08-28,2019-08-28,1975-01-01,214931
2019-08-28,2019-08-28,1975-02-01,215065
2019-08-28,2019-08-28,1975-03-01,215198
2019-08-28,2019-08-28,1975-04-01,215353
2019-08-28,2019-08-28,1975-05-01,215523
2019-08-28,2019-08-28,1975-06-01,215768
2019-08-28,2019-08-28,1975-07-01,215973
2019-08-28,2019-08-28,1975-08-01,216195
2019-08-28,2019-08-28,1975-09-01,216393
2019-08-28,2019-08-28,1975-10-01,216587
2019-08-28,2019-08-28,1975-11-01,216771
2019-08-28,2019-08-28,1975-12-01,216931
2019-08-28,2019-08-28,1976-01-01,217095
2019-08-28,2019-08-28,1976-02-01,217249
2019-08-28,2019-08-28,1976-03-01,217381
2019-08-28,2019-08-28,1976-04-01,217528
2019-08-28,2019-08-28,1976-05-01,217685
2019-08-28,2019-08-28,1976-06-01,217861
2019-08-28,2019-08-28,1976-07-01,218035
2019-08-28,2019-08-28,1976-08-01,218233
2019-08-28,2019-08-28,1976-09-01,218440
2019-08-28,2019-08-28,1976-10-01,218644
2019-08-28,2019-08-28,1976-11-01,218834
2019-08-28,2019-08-28,1976-12-01,219006
2019-08-28,2019-08-28,1977-01-01,219179
2019-08-28,2019-08-28,1977-02-01,219344
2019-08-28,2019-08-28,1977-03-01,219504
2019-08-28,2019-08-28,1977-04-01,219684
2019-08-28,2019-08-28,1977-05-01,219859
2019-08-28,2019-08-28,1977-06-01,220046
2019-08-28,2019-08-28,1977-07-01,220239
2019-08-28,2019-08-28,1977-08-01,220458
2019-08-28,2019-08-28,1977-09-01,220688
2019-08-28,2019-08-28,1977-10-01,220904
2019-08-28,2019-08-28,1977-11-01,221109
2019-08-28,2019-08-28,1977-12-01,221303
2019-08-28,2019-08-28,1978-01-01,221477
2019-08-28,2019-08-28,1978-02-01,221629
2019-08-28,2019-08-28,1978-03-01,221792
2019-08-28,2019-08-28,1978-04-01,221991
2019-08-28,2019-08-28,1978-05-01,222176
2019-08-28,2019-08-28,1978-06-01,222379
2019-08-28,2019-08-28,1978-07-01,222585
2019-08-28,2019-08-28,1978-08-01,222805
2019-08-28,2019-08-28,1978-09-01,223053
2019-08-28,2019-08-28,1978-10-01,223271
2019-08-28,2019-08-28,1978-11-01,223477
2019-08-28,2019-08-28,1978-12-01,223670
2019-08-28,2019-08-28,1979-01-01,223865
2019-08-28,2019-08-28,1979-02-01,224053
2019-08-28,2019-08-28,1979-03-01,224235
2019-08-28,2019-08-28,1979-04-01,224438
2019-08-28,2019-08-28,1979-05-01,224632
2019-08-28,2019-08-28,1979-06-01,224843
2019-08-28,2019-08-28,1979-07-01,225055
2019-08-28,2019-08-28,1979-08-01,225295
2019-08-28,2019-08-28,1979-09-01,225547
2019-08-28,2019-08-28,1979-10-01,225801
2019-08-28,2019-08-28,1979-11-01,226027
2019-08-28,2019-08-28,1979-12-01,226243
2019-08-28,2019-08-28,1980-01-01,226451
2019-08-28,2019-08-28,1980-02-01,226656
2019-08-28,2019-08-28,1980-03-01,226849
2019-08-28,2019-08-28,1980-04-01,227061
2019-08-28,2019-08-28,1980-05-01,227251
2019-08-28,2019-08-28,1980-06-01,227522
2019-08-28,2019-08-28,1980-07-01,227726
2019-08-28,2019-08-28,1980-08-01,227953
2019-08-28,2019-08-28,1980-09-01,228186
2019-08-28,2019-08-28,1980-10-01,228417
2019-08-28,2019-08-28,1980-11-01,228612
2019-08-28,2019-08-28,1980-12-01,228779
2019-08-28,2019-08-28,1981-01-01,228937
2019-08-28,2019-08-28,1981-02-01,229071
2019-08-28,2019-08-28,1981-03-01,229224
2019-08-28,2019-08-28,1981-04-01,229403
2019-08-28,2019-08-28,1981-05-01,229575
2019-08-28,2019-08-28,1981-06-01,229761
2019-08-28,2019-08-28,1981-07-01,229966
2019-08-28,2019-08-28,1981-08-01,230187
2019-08-28,2019-08-28,1981-09-01,230412
2019-08-28,2019-08-28,1981-10-01,230641
2019-08-28,2019-08-28,1981-11-01,230822
2019-08-28,2019-08-28,1981-12-01,230989
2019-08-28,2019-08-28,1982-01-01,231157
2019-08-28,2019-08-28,1982-02-01,231313
2019-08-28,2019-08-28,1982-03-01,231470
2019-08-28,2019-08-28,1982-04-01,231645
2019-08-28,2019-08-28,1982-05-01,231809
2019-08-28,2019-08-28,1982-06-01,231992
2019-08-28,2019-08-28,1982-07-01,232188
2019-08-28,2019-08-28,1982-08-01,232392
2019-08-28,2019-08-28,1982-09-01,232599
2019-08-28,2019-08-28,1982-10-01,232816
2019-08-28,2019-08-28,1982-11-01,232993
2019-08-28,2019-08-28,1982-12-01,233160
2019-08-28,2019-08-28,1983-01-01,233322
2019-08-28,2019-08-28,1983-02-01,233473
2019-08-28,2019-08-28,1983-03-01,233613
2019-08-28,2019-08-28,1983-04-01,233781
2019-08-28,2019-08-28,1983-05-01,233922
2019-08-28,2019-08-28,1983-06-01,234118
2019-08-28,2019-08-28,1983-07-01,234307
2019-08-28,2019-08-28,1983-08-01,234501
2019-08-28,2019-08-28,1983-09-01,234701
2019-08-28,2019-08-28,1983-10-01,234907
2019-08-28,2019-08-28,1983-11-01,235078
2019-08-28,2019-08-28,1983-12-01,235235
2019-08-28,2019-08-28,1984-01-01,235385
2019-08-28,2019-08-28,1984-02-01,235527
2019-08-28,2019-08-28,1984-03-01,235675
2019-08-28,2019-08-28,1984-04-01,235839
2019-08-28,2019-08-28,1984-05-01,235993
2019-08-28,2019-08-28,1984-06-01,236160
2019-08-28,2019-08-28,1984-07-01,236348
2019-08-28,2019-08-28,1984-08-01,236549
2019-08-28,2019-08-28,1984-09-01,236760
2019-08-28,2019-08-28,1984-10-01,236976
2019-08-28,2019-08-28,1984-11-01,237159
2019-08-28,2019-08-28,1984-12-01,237316
2019-08-28,2019-08-28,1985-01-01,237468
2019-08-28,2019-08-28,1985-02-01,237602
2019-08-28,2019-08-28,1985-03-01,237732
2019-08-28,2019-08-28,1985-04-01,237900
2019-08-28,2019-08-28,1985-05-01,238074
2019-08-28,2019-08-28,1985-06-01,238270
2019-08-28,2019-08-28,1985-07-01,238466
2019-08-28,2019-08-28,1985-08-01,238679
2019-08-28,2019-08-28,1985-09-01,238898
2019-08-28,2019-08-28,1985-10-01,239113
2019-08-28,2019-08-28,1985-11-01,239307
2019-08-28,2019-08-28,1985-12-01,239477
2019-08-28,2019-08-28,1986-01-01,239638
2019-08-28,2019-08-28,1986-02-01,239788
2019-08-28,2019-08-28,1986-03-01,239928
2019-08-28,2019-08-28,1986-04-01,240094
2019-08-28,2019-08-28,1986-05-01,240271
2019-08-28,2019-08-28,1986-06-01,240459
2019-08-28,2019-08-28,1986-07-01,240651
2019-08-28,2019-08-28,1986-08-01,240854
2019-08-28,2019-08-28,1986-09-01,241068
2019-08-28,2019-08-28,1986-10-01,241274
2019-08-28,2019-08-28,1986-11-01,241467
2019-08-28,2019-08-28,1986-12-01,241620
2019-08-28,2019-08-28,1987-01-01,241784
2019-08-28,2019-08-28,1987-02-01,241930
2019-08-28,2019-08-28,1987-03-01,242079
2019-08-28,2019-08-28,1987-04-01,242252
2019-08-28,2019-08-28,1987-05-01,242423
2019-08-28,2019-08-28,1987-06-01,242608
2019-08-28,2019-08-28,1987-07-01,242804
2019-08-28,2019-08-28,1987-08-01,243012
2019-08-28,2019-08-28,1987-09-01,243223
2019-08-28,2019-08-28,1987-10-01,243446
2019-08-28,2019-08-28,1987-11-01,243639
2019-08-28,2019-08-28,1987-12-01,243809
2019-08-28,2019-08-28,1988-01-01,243981
2019-08-28,2019-08-28,1988-02-01,244131
2019-08-28,2019-08-28,1988-03-01,244279
2019-08-28,2019-08-28,1988-04-01,244445
2019-08-28,2019-08-28,1988-05-01,244610
2019-08-28,2019-08-28,1988-06-01,244806
2019-08-28,2019-08-28,1988-07-01,245021
2019-08-28,2019-08-28,1988-08-01,245240
2019-08-28,2019-08-28,1988-09-01,245464
2019-08-28,2019-08-28,1988-10-01,245693
2019-08-28,2019-08-28,1988-11-01,245884
2019-08-28,2019-08-28,1988-12-01,246056
2019-08-28,2019-08-28,1989-01-01,246224
2019-08-28,2019-08-28,1989-02-01,246378
2019-08-28,2019-08-28,1989-03-01,246530
2019-08-28,2019-08-28,1989-04-01,246721
2019-08-28,2019-08-28,1989-05-01,246906
2019-08-28,2019-08-28,1989-06-01,247114
2019-08-28,2019-08-28,1989-07-01,247342
2019-08-28,2019-08-28,1989-08-01,247573
2019-08-28,2019-08-28,1989-09-01,247816
2019-08-28,2019-08-28,1989-10-01,248067
2019-08-28,2019-08-28,1989-11-01,248281
2019-08-28,2019-08-28,1989-12-01,248479
2019-08-28,2019-08-28,1990-01-01,248659
2019-08-28,2019-08-28,1990-02-01,248827
2019-08-28,2019-08-28,1990-03-01,249012
2019-08-28,2019-08-28,1990-04-01,249306
2019-08-28,2019-08-28,1990-05-01,249565
2019-08-28,2019-08-28,1990-06-01,249849
2019-08-28,2019-08-28,1990-07-01,250132
2019-08-28,2019-08-28,1990-08-01,250439
2019-08-28,2019-08-28,1990-09-01,250751
2019-08-28,2019-08-28,1990-10-01,251057
2019-08-28,2019-08-28,1990-11-01,251346
2019-08-28,2019-08-28,1990-12-01,251626
2019-08-28,2019-08-28,1991-01-01,251889
2019-08-28,2019-08-28,1991-02-01,252135
2019-08-28,2019-08-28,1991-03-01,252372
2019-08-28,2019-08-28,1991-04-01,252643
2019-08-28,2019-08-28,1991-05-01,252913
2019-08-28,2019-08-28,1991-06-01,253207
2019-08-28,2019-08-28,1991-07-01,253493
2019-08-28,2019-08-28,1991-08-01,253807
2019-08-28,2019-08-28,1991-09-01,254126
2019-08-28,2019-08-28,1991-10-01,254435
2019-08-28,2019-08-28,1991-11-01,254718
2019-08-28,2019-08-28,1991-12-01,254964
2019-08-28,2019-08-28,1992-01-01,255214
2019-08-28,2019-08-28,1992-02-01,255448
2019-08-28,2019-08-28,1992-03-01,255703
2019-08-28,2019-08-28,1992-04-01,255992
2019-08-28,2019-08-28,1992-05-01,256285
2019-08-28,2019-08-28,1992-06-01,256589
2019-08-28,2019-08-28,1992-07-01,256894
2019-08-28,2019-08-28,1992-08-01,257232
2019-08-28,2019-08-28,1992-09-01,257548
2019-08-28,2019-08-28,1992-10-01,257861
2019-08-28,2019-08-28,1992-11-01,258147
2019-08-28,2019-08-28,1992-12-01,258413
2019-08-28,2019-08-28,1993-01-01,258679
2019-08-28,2019-08-28,1993-02-01,258919
2019-08-28,2019-08-28,1993-03-01,259152
2019-08-28,2019-08-28,1993-04-01,259414
2019-08-28,2019-08-28,1993-05-01,259680
2019-08-28,2019-08-28,1993-06-01,259963
2019-08-28,2019-08-28,1993-07-01,260255
2019-08-28,2019-08-28,1993-08-01,260566
2019-08-28,2019-08-28,1993-09-01,260867
2019-08-28,2019-08-28,1993-10-01,261163
2019-08-28,2019-08-28,1993-11-01,261425
2019-08-28,2019-08-28,1993-12-01,261674
2019-08-28,2019-08-28,1994-01-01,261919
2019-08-28,2019-08-28,1994-02-01,262123
2019-08-28,2019-08-28,1994-03-01,262352
2019-08-28,2019-08-28,1994-04-01,262631
2019-08-28,2019-08-28,1994-05-01,262877
2019-08-28,2019-08-28,1994-06-01,263152
2019-08-28,2019-08-28,1994-07-01,263436
2019-08-28,2019-08-28,1994-08-01,263724
2019-08-28,2019-08-28,1994-09-01,264017
2019-08-28,2019-08-28,1994-10-01,264301
2019-08-28,2019-08-28,1994-11-01,264559
2019-08-28,2019-08-28,1994-12-01,264804
2019-08-28,2019-08-28,1995-01-01,265044
2019-08-28,2019-08-28,1995-02-01,265270
2019-08-28,2019-08-28,1995-03-01,265495
2019-08-28,2019-08-28,1995-04-01,265755
2019-08-28,2019-08-28,1995-05-01,265998
2019-08-28,2019-08-28,1995-06-01,266270
2019-08-28,2019-08-28,1995-07-01,266557
2019-08-28,2019-08-28,1995-08-01,266843
2019-08-28,2019-08-28,1995-09-01,267152
2019-08-28,2019-08-28,1995-10-01,267456
2019-08-28,2019-08-28,1995-11-01,267715
2019-08-28,2019-08-28,1995-12-01,267943
2019-08-28,2019-08-28,1996-01-01,268151
2019-08-28,2019-08-28,1996-02-01,268364
2019-08-28,2019-08-28,1996-03-01,268595
2019-08-28,2019-08-28,1996-04-01,268853
2019-08-28,2019-08-28,1996-05-01,269108
2019-08-28,2019-08-28,1996-06-01,269386
2019-08-28,2019-08-28,1996-07-01,269667
2019-08-28,2019-08-28,1996-08-01,269976
2019-08-28,2019-08-28,1996-09-01,270284
2019-08-28,2019-08-28,1996-10-01,270581
2019-08-28,2019-08-28,1996-11-01,270878
2019-08-28,2019-08-28,1996-12-01,271125
2019-08-28,2019-08-28,1997-01-01,271360
2019-08-28,2019-08-28,1997-02-01,271585
2019-08-28,2019-08-28,1997-03-01,271821
2019-08-28,2019-08-28,1997-04-01,272083
2019-08-28,2019-08-28,1997-05-01,272342
2019-08-28,2019-08-28,1997-06-01,272622
2019-08-28,2019-08-28,1997-07-01,272912
2019-08-28,2019-08-28,1997-08-01,273237
2019-08-28,2019-08-28,1997-09-01,273553
2019-08-28,2019-08-28,1997-10-01,273852
2019-08-28,2019-08-28,1997-11-01,274126
2019-08-28,2019-08-28,1997-12-01,274372
2019-08-28,2019-08-28,1998-01-01,274626
2019-08-28,2019-08-28,1998-02-01,274838
2019-08-28,2019-08-28,1998-03-01,275047
2019-08-28,2019-08-28,1998-04-01,275304
2019-08-28,2019-08-28,1998-05-01,275564
2019-08-28,2019-08-28,1998-06-01,275836
2019-08-28,2019-08-28,1998-07-01,276115
2019-08-28,2019-08-28,1998-08-01,276418
2019-08-28,2019-08-28,1998-09-01,276714
2019-08-28,2019-08-28,1998-10-01,277003
2019-08-28,2019-08-28,1998-11-01,277277
2019-08-28,2019-08-28,1998-12-01,277526
2019-08-28,2019-08-28,1999-01-01,277790
2019-08-28,2019-08-28,1999-02-01,277992
2019-08-28,2019-08-28,1999-03-01,278198
2019-08-28,2019-08-28,1999-04-01,278451
2019-08-28,2019-08-28,1999-05-01,278717
2019-08-28,2019-08-28,1999-06-01,279001
2019-08-28,2019-08-28,1999-07-01,279295
2019-08-28,2019-08-28,1999-08-01,279602
2019-08-28,2019-08-28,1999-09-01,279903
2019-08-28,2019-08-28,1999-10-01,280203
2019-08-28,2019-08-28,1999-11-01,280471
2019-08-28,2019-08-28,1999-12-01,280716
2019-08-28,2019-08-28,2000-01-01,280976
2019-08-28,2019-08-28,2000-02-01,281190
2019-08-28,2019-08-28,2000-03-01,281409
2019-08-28,2019-08-28,2000-04-01,281653
2019-08-28,2019-08-28,2000-05-01,281877
2019-08-28,2019-08-28,2000-06-01,282126
2019-08-28,2019-08-28,2000-07-01,282385
2019-08-28,2019-08-28,2000-08-01,282653
2019-08-28,2019-08-28,2000-09-01,282932
2019-08-28,2019-08-28,2000-10-01,283201
2019-08-28,2019-08-28,2000-11-01,283453
2019-08-28,2019-08-28,2000-12-01,283696
2019-08-28,2019-08-28,2001-01-01,283920
2019-08-28,2019-08-28,2001-02-01,284137
2019-08-28,2019-08-28,2001-03-01,284350
2019-08-28,2019-08-28,2001-04-01,284581
2019-08-28,2019-08-28,2001-05-01,284810
2019-08-28,2019-08-28,2001-06-01,285062
2019-08-28,2019-08-28,2001-07-01,285309
2019-08-28,2019-08-28,2001-08-01,285570
2019-08-28,2019-08-28,2001-09-01,285843
2019-08-28,2019-08-28,2001-10-01,286098
2019-08-28,2019-08-28,2001-11-01,286341
2019-08-28,2019-08-28,2001-12-01,286570
2019-08-28,2019-08-28,2002-01-01,286788
2019-08-28,2019-08-28,2002-02-01,286994
2019-08-28,2019-08-28,2002-03-01,287190
2019-08-28,2019-08-28,2002-04-01,287397
2019-08-28,2019-08-28,2002-05-01,287623
2019-08-28,2019-08-28,2002-06-01,287864
2019-08-28,2019-08-28,2002-07-01,288105
2019-08-28,2019-08-28,2002-08-01,288360
2019-08-28,2019-08-28,2002-09-01,288618
2019-08-28,2019-08-28,2002-10-01,288870
2019-08-28,2019-08-28,2002-11-01,289106
2019-08-28,2019-08-28,2002-12-01,289313
2019-08-28,2019-08-28,2003-01-01,289518
2019-08-28,2019-08-28,2003-02-01,289714
2019-08-28,2019-08-28,2003-03-01,289911
2019-08-28,2019-08-28,2003-04-01,290125
2019-08-28,2019-08-28,2003-05-01,290346
2019-08-28,2019-08-28,2003-06-01,290584
2019-08-28,2019-08-28,2003-07-01,290820
2019-08-28,2019-08-28,2003-08-01,291072
2019-08-28,2019-08-28,2003-09-01,291321
2019-08-28,2019-08-28,2003-10-01,291574
2019-08-28,2019-08-28,2003-11-01,291807
2019-08-28,2019-08-28,2003-12-01,292008
2019-08-28,2019-08-28,2004-01-01,292192
2019-08-28,2019-08-28,2004-02-01,292368
2019-08-28,2019-08-28,2004-03-01,292561
2019-08-28,2019-08-28,2004-04-01,292779
2019-08-28,2019-08-28,2004-05-01,292997
2019-08-28,2019-08-28,2004-06-01,293223
2019-08-28,2019-08-28,2004-07-01,293463
2019-08-28,2019-08-28,2004-08-01,293719
2019-08-28,2019-08-28,2004-09-01,293971
2019-08-28,2019-08-28,2004-10-01,294230
2019-08-28,2019-08-28,2004-11-01,294466
2019-08-28,2019-08-28,2004-12-01,294694
2019-08-28,2019-08-28,2005-01-01,294914
2019-08-28,2019-08-28,2005-02-01,295105
2019-08-28,2019-08-28,2005-03-01,295287
2019-08-28,2019-08-28,2005-04-01,295490
2019-08-28,2019-08-28,2005-05-01,295704
2019-08-28,2019-08-28,2005-06-01,295936
2019-08-28,2019-08-28,2005-07-01,296186
2019-08-28,2019-08-28,2005-08-01,296440
2019-08-28,2019-08-28,2005-09-01,296707
2019-08-28,2019-08-28,2005-10-01,296972
2019-08-28,2019-08-28,2005-11-01,297207
2019-08-28,2019-08-28,2005-12-01,297431
2019-08-28,2019-08-28,2006-01-01,297647
2019-08-28,2019-08-28,2006-02-01,297854
2019-08-28,2019-08-28,2006-03-01,298060
2019-08-28,2019-08-28,2006-04-01,298281
2019-08-28,2019-08-28,2006-05-01,298496
2019-08-28,2019-08-28,2006-06-01,298739
2019-08-28,2019-08-28,2006-07-01,298996
2019-08-28,2019-08-28,2006-08-01,299263
2019-08-28,2019-08-28,2006-09-01,299554
2019-08-28,2019-08-28,2006-10-01,299835
2019-08-28,2019-08-28,2006-11-01,300094
2019-08-28,2019-08-28,2006-12-01,300340
2019-08-28,2019-08-28,2007-01-01,300574
2019-08-28,2019-08-28,2007-02-01,300802
2019-08-28,2019-08-28,2007-03-01,301021
2019-08-28,2019-08-28,2007-04-01,301254
2019-08-28,2019-08-28,2007-05-01,301483
2019-08-28,2019-08-28,2007-06-01,301739
2019-08-28,2019-08-28,2007-07-01,302004
2019-08-28,2019-08-28,2007-08-01,302267
2019-08-28,2019-08-28,2007-09-01,302546
2019-08-28,2019-08-28,2007-10-01,302807
2019-08-28,2019-08-28,2007-11-01,303054
2019-08-28,2019-08-28,2007-12-01,303287
2019-08-28,2019-08-28,2008-01-01,303506
2019-08-28,2019-08-28,2008-02-01,303711
2019-08-28,2019-08-28,2008-03-01,303907
2019-08-28,2019-08-28,2008-04-01,304117
2019-08-28,2019-08-28,2008-05-01,304323
2019-08-28,2019-08-28,2008-06-01,304556
2019-08-28,2019-08-28,2008-07-01,304798
2019-08-28,2019-08-28,2008-08-01,305045
2019-08-28,2019-08-28,2008-09-01,305309
2019-08-28,2019-08-28,2008-10-01,305554
2019-08-28,2019-08-28,2008-11-01,305786
2019-08-28,2019-08-28,2008-12-01,306004
2019-08-28,2019-08-28,2009-01-01,306208
2019-08-28,2019-08-28,2009-02-01,306402
2019-08-28,2019-08-28,2009-03-01,306588
2019-08-28,2019-08-28,2009-04-01,306787
2019-08-28,2019-08-28,2009-05-01,306984
2019-08-28,2019-08-28,2009-06-01,307206
2019-08-28,2019-08-28,2009-07-01,307439
2019-08-28,2019-08-28,2009-08-01,307685
2019-08-28,2019-08-28,2009-09-01,307946
2019-08-28,2019-08-28,2009-10-01,308189
2019-08-28,2019-08-28,2009-11-01,308418
2019-08-28,2019-08-28,2009-12-01,308633
2019-08-28,2019-08-28,2010-01-01,308833
2019-08-28,2019-08-28,2010-02-01,309027
2019-08-28,2019-08-28,2010-03-01,309212
2019-08-28,2019-08-28,2010-04-01,309191.211
2019-08-28,2019-08-28,2010-05-01,309369.053
2019-08-28,2019-08-28,2010-06-01,309548.502
2019-08-28,2019-08-28,2010-07-01,309745.698
2019-08-28,2019-08-28,2010-08-01,309957.775
2019-08-28,2019-08-28,2010-09-01,310176.466
2019-08-28,2019-08-28,2010-10-01,310399.958
2019-08-28,2019-08-28,2010-11-01,310595.764
2019-08-28,2019-08-28,2010-12-01,310781.705
2019-08-28,2019-08-28,2011-01-01,310960.74
2019-08-28,2019-08-28,2011-02-01,311113.376
2019-08-28,2019-08-28,2011-03-01,311265.404
2019-08-28,2019-08-28,2011-04-01,311436.238
2019-08-28,2019-08-28,2011-05-01,311607.08
2019-08-28,2019-08-28,2011-06-01,311791.223
2019-08-28,2019-08-28,2011-07-01,311997.049
2019-08-28,2019-08-28,2011-08-01,312205.367
2019-08-28,2019-08-28,2011-09-01,312429.118
2019-08-28,2019-08-28,2011-10-01,312644.159
2019-08-28,2019-08-28,2011-11-01,312829.523
2019-08-28,2019-08-28,2011-12-01,313009.712
2019-08-28,2019-08-28,2012-01-01,313183.179
2019-08-28,2019-08-28,2012-02-01,313338.977
2019-08-28,2019-08-28,2012-03-01,313499.369
2019-08-28,2019-08-28,2012-04-01,313667.127
2019-08-28,2019-08-28,2012-05-01,313830.53
2019-08-28,2019-08-28,2012-06-01,314017.594
2019-08-28,2019-08-28,2012-07-01,314210.786
2019-08-28,2019-08-28,2012-08-01,314422.341
2019-08-28,2019-08-28,2012-09-01,314646.749
2019-08-28,2019-08-28,2012-10-01,314853.978
2019-08-28,2019-08-28,2012-11-01,315053.863
2019-08-28,2019-08-28,2012-12-01,315232.752
2019-08-28,2019-08-28,2013-01-01,315389.595
2019-08-28,2019-08-28,2013-02-01,315520.143
2019-08-28,2019-08-28,2013-03-01,315662.224
2019-08-28,2019-08-28,2013-04-01,315817.855
2019-08-28,2019-08-28,2013-05-01,315983.654
2019-08-28,2019-08-28,2013-06-01,316171.042
2019-08-28,2019-08-28,2013-07-01,316358.778
2019-08-28,2019-08-28,2013-08-01,316580.327
2019-08-28,2019-08-28,2013-09-01,316806.125
2019-08-28,2019-08-28,2013-10-01,317022.27
2019-08-28,2019-08-28,2013-11-01,317228.026
2019-08-28,2019-08-28,2013-12-01,317411.551
2019-08-28,2019-08-28,2014-01-01,317593.923
2019-08-28,2019-08-28,2014-02-01,317753.883
2019-08-28,2019-08-28,2014-03-01,317917.203
2019-08-28,2019-08-28,2014-04-01,318089.218
2019-08-28,2019-08-28,2014-05-01,318269.505
2019-08-28,2019-08-28,2014-06-01,318464.152
2019-08-28,2019-08-28,2014-07-01,318662.368
2019-08-28,2019-08-28,2014-08-01,318893.786
2019-08-28,2019-08-28,2014-09-01,319125.296
2019-08-28,2019-08-28,2014-10-01,319353.734
2019-08-28,2019-08-28,2014-11-01,319564.209
2019-08-28,2019-08-28,2014-12-01,319746.157
2019-08-28,2019-08-28,2015-01-01,319928.646
2019-08-28,2019-08-28,2015-02-01,320074.511
2019-08-28,2019-08-28,2015-03-01,320230.786
2019-08-28,2019-08-28,2015-04-01,320402.295
2019-08-28,2019-08-28,2015-05-01,320583.972
2019-08-28,2019-08-28,2015-06-01,320773.558
2019-08-28,2019-08-28,2015-07-01,320978.213
2019-08-28,2019-08-28,2015-08-01,321202.45
2019-08-28,2019-08-28,2015-09-01,321427.611
2019-08-28,2019-08-28,2015-10-01,321653.019
2019-08-28,2019-08-28,2015-11-01,321856.265
2019-08-28,2019-08-28,2015-12-01,322043.071
2019-08-28,2019-08-28,2016-01-01,322232.862
2019-08-28,2019-08-28,2016-02-01,322398.098
2019-08-28,2019-08-28,2016-03-01,322551.468
2019-08-28,2019-08-28,2016-04-01,322721.212
2019-08-28,2019-08-28,2016-05-01,322899.995
2019-08-28,2019-08-28,2016-06-01,323088.466
2019-08-28,2019-08-28,2016-07-01,323291.042
2019-08-28,2019-08-28,2016-08-01,323501.361
2019-08-28,2019-08-28,2016-09-01,323709.851
2019-08-28,2019-08-28,2016-10-01,323919.726
2019-08-28,2019-08-28,2016-11-01,324106.527
2019-08-28,2019-08-28,2016-12-01,324274.912
2019-08-28,2019-08-28,2017-01-01,324438.195
2019-08-28,2019-08-28,2017-02-01,324581.497
2019-08-28,2019-08-28,2017-03-01,324713.97
2019-08-28,2019-08-28,2017-04-01,324861.757
2019-08-28,2019-08-28,2017-05-01,325019.199
2019-08-28,2019-08-28,2017-06-01,325186.237
2019-08-28,2019-08-28,2017-07-01,325367.612
2019-08-28,2019-08-28,2017-08-01,325567.716
2019-08-28,2019-08-28,2017-09-01,325766.019
2019-08-28,2019-08-28,2017-10-01,325965.952
2019-08-28,2019-08-28,2017-11-01,326142.633
2019-08-28,2019-08-28,2017-12-01,326301.399
2019-08-28,2019-08-28,2018-01-01,326454.123
2019-08-28,2019-08-28,2018-02-01,326600.823
2019-08-28,2019-08-28,2018-03-01,326736.69
2019-08-28,2019-08-28,2018-04-01,326887.866
2019-08-28,2019-08-28,2018-05-01,327048.704
2019-08-28,2019-08-28,2018-06-01,327219.14
2019-08-28,2019-08-28,2018-07-01,327403.909
2019-08-28,2019-08-28,2018-08-01,327600.25
2019-08-28,2019-08-28,2018-09-01,327794.788
2019-08-28,2019-08-28,2018-10-01,327990.95
2019-08-28,2019-08-28,2018-11-01,328163.864
2019-08-28,2019-08-28,2018-12-01,328318.861
2019-08-28,2019-08-28,2019-01-01,328467.812
2019-08-28,2019-08-28,2019-02-01,328610.744
2019-08-28,2019-08-28,2019-03-01,328742.843
2019-08-28,2019-08-28,2019-04-01,328890.25
2019-08-28,2019-08-28,2019-05-01,329047.319
2019-08-28,2019-08-28,2019-06-01,329213.989
2019-08-28,2019-08-28,2019-07-01,329394.993
2019-08-28,2019-08-28,2019-08-01,329591.333
2019-08-28,2019-08-28,2019-09-01,329785.872
2019-08-28,2019-08-28,2019-10-01,329982.035
2019-08-28,2019-08-28,2019-11-01,330154.949
2019-08-28,2019-08-28,2019-12-01,330309.946
