Airport Code,Year,Month,Domestic Passengers,International Passengers,Total Passengers
ACY,2015,Jan,98177,90,98267
ACY,2015,Feb,96431,65,96496
ACY,2015,Mar,116493,197,116690
ACY,2015,Apr,105539,161,105700
ACY,2015,May,103668,425,104093
ACY,2015,Jun,96259,1102,97361
ACY,2015,Jul,109247,1894,111141
ACY,2015,Aug,108700,1932,110632
ACY,2015,Sep,82268,315,82583
ACY,2015,Oct,80901,443,81344
ACY,2015,Nov,94358,0,94358
ACY,2015,Dec,101600,28,101628
ACY,2014,Jan,92421,0,92421
ACY,2014,Feb,90255,148,90403
ACY,2014,Mar,109670,328,109998
ACY,2014,Apr,104606,321,104927
ACY,2014,May,110098,183,110281
ACY,2014,Jun,105645,594,106239
ACY,2014,Jul,117340,345,117685
ACY,2014,Aug,120123,391,120514
ACY,2014,Sep,82746,390,83136
ACY,2014,Oct,84602,389,84991
ACY,2014,Nov,96177,0,96177
ACY,2014,Dec,94808,87,94895
ACY,2013,Jan,87375,190,87565
ACY,2013,Feb,81750,380,82130
ACY,2013,Mar,91008,189,91197
ACY,2013,Apr,84615,258,84873
ACY,2013,May,105865,256,106121
ACY,2013,Jun,103145,412,103557
ACY,2013,Jul,111305,262,111567
ACY,2013,Aug,116712,566,117278
ACY,2013,Sep,84462,191,84653
ACY,2013,Oct,84399,263,84662
ACY,2013,Nov,91268,135,91403
ACY,2013,Dec,87718,174,87892
ACY,2012,Jan,103048,0,103048
ACY,2012,Feb,104159,150,104309
ACY,2012,Mar,136101,389,136490
ACY,2012,Apr,127232,112,127344
ACY,2012,May,126080,499,126579
ACY,2012,Jun,133508,105,133613
ACY,2012,Jul,151652,0,151652
ACY,2012,Aug,147676,182,147858
ACY,2012,Sep,94460,210,94670
ACY,2012,Oct,86602,244,86846
ACY,2012,Nov,86148,335,86483
ACY,2012,Dec,86510,236,86746
EWR,2015,Jan,1752923,859391,2612314
EWR,2015,Feb,1672285,756925,2429210
EWR,2015,Mar,2100937,966561,3067498
EWR,2015,Apr,2185274,998458,3183732
EWR,2015,May,2206415,1016979,3223394
EWR,2015,Jun,2221812,1058265,3280077
EWR,2015,Jul,2365862,1206907,3572769
EWR,2015,Aug,2337288,1193457,3530745
EWR,2015,Sep,2078293,958645,3036938
EWR,2015,Oct,2294497,934115,3228612
EWR,2015,Nov,2229996,867000,3096996
EWR,2015,Dec,2246931,985488,3232419
EWR,2014,Jan,1703949,842188,2546137
EWR,2014,Feb,1516373,705458,2221831
EWR,2014,Mar,2083400,972277,3055677
EWR,2014,Apr,1930639,1004416,2935055
EWR,2014,May,1975965,1021638,2997603
EWR,2014,Jun,2127517,1086405,3213922
EWR,2014,Jul,2199312,1259153,3458465
EWR,2014,Aug,2241203,1170468,3411671
EWR,2014,Sep,1901935,946522,2848457
EWR,2014,Oct,1998120,948789,2946909
EWR,2014,Nov,1973000,864816,2837816
EWR,2014,Dec,2111214,1025930,3137144
EWR,2013,Jan,1693676,858481,2552157
EWR,2013,Feb,1560610,715604,2276214
EWR,2013,Mar,2013283,967565,2980848
EWR,2013,Apr,1993255,961340,2954595
EWR,2013,May,2072108,999838,3071946
EWR,2013,Jun,2099121,1049029,3148150
EWR,2013,Jul,2192226,1113236,3305462
EWR,2013,Aug,2212564,1114241,3326805
EWR,2013,Sep,1871483,913183,2784666
EWR,2013,Oct,2026810,916916,2943726
EWR,2013,Nov,1900713,796919,2697632
EWR,2013,Dec,2080988,893047,2974035
EWR,2012,Jan,1620135,836398,2456533
EWR,2012,Feb,1581611,761127,2342738
EWR,2012,Mar,1984513,960652,2945165
EWR,2012,Apr,2043949,987774,3031723
EWR,2012,May,2020964,981081,3002045
EWR,2012,Jun,2120241,1030264,3150505
EWR,2012,Jul,2149595,1122414,3272009
EWR,2012,Aug,2161989,1105729,3267718
EWR,2012,Sep,1731947,907684,2639631
EWR,2012,Oct,1746704,823604,2570308
EWR,2012,Nov,1810954,769446,2580400
EWR,2012,Dec,1864081,861171,2725252
EWR,2011,Jan,1443496,844707,2288203
EWR,2011,Feb,1379268,709740,2089008
EWR,2011,Mar,1850689,945495,2796184
EWR,2011,Apr,1915493,1016312,2931805
EWR,2011,May,1976401,1026413,3002814
EWR,2011,Jun,2045700,1073399,3119099
EWR,2011,Jul,2167025,1202090,3369115
EWR,2011,Aug,2012652,1100737,3113389
EWR,2011,Sep,1770827,940219,2711046
EWR,2011,Oct,1879635,922909,2802544
EWR,2011,Nov,1879629,828709,2708338
EWR,2011,Dec,1868854,897093,2765947
EWR,2010,Jan,1581786,873366,2455152
EWR,2010,Feb,1425077,714560,2139637
EWR,2010,Mar,1926478,976947,2903425
EWR,2010,Apr,1901523,923678,2825201
EWR,2010,May,1867715,997770,2865485
EWR,2010,Jun,1940698,1070339,3011037
EWR,2010,Jul,2026979,1194351,3221330
EWR,2010,Aug,2050654,1164272,3214926
EWR,2010,Sep,1675010,923937,2598947
EWR,2010,Oct,1856624,957996,2814620
EWR,2010,Nov,1793314,836965,2630279
EWR,2010,Dec,1671028,843123,2514151
EWR,2009,Jan,1583508,761869,2345377
EWR,2009,Feb,1533101,677649,2210750
EWR,2009,Mar,1926282,867315,2793597
EWR,2009,Apr,1987675,968876,2956551
EWR,2009,May,1949926,928568,2878494
EWR,2009,Jun,1983034,957194,2940228
EWR,2009,Jul,2188498,1100308,3288806
EWR,2009,Aug,2147833,1146532,3294365
EWR,2009,Sep,1736010,860058,2596068
EWR,2009,Oct,1903053,877887,2780940
EWR,2009,Nov,1788729,786864,2575593
EWR,2009,Dec,1815026,884328,2699354
EWR,2008,Jan,1856725,816148,2672873
EWR,2008,Feb,1790996,757414,2548410
EWR,2008,Mar,2209041,970236,3179277
EWR,2008,Apr,2124989,946094,3071083
EWR,2008,May,2122690,1012199,3134889
EWR,2008,Jun,2156577,1022262,3178839
EWR,2008,Jul,2271569,1136082,3407651
EWR,2008,Aug,2266908,1146248,3413156
EWR,2008,Sep,1749539,877365,2626904
EWR,2008,Oct,1988874,876670,2865544
EWR,2008,Nov,1812542,768976,2581518
EWR,2008,Dec,1871742,808850,2680592
EWR,2007,Jan,1888929,744432,2633361
EWR,2007,Feb,1798353,682606,2480959
EWR,2007,Mar,2203117,868901,3072018
EWR,2007,Apr,2302307,893869,3196176
EWR,2007,May,2289360,926700,3216060
EWR,2007,Jun,2250013,987415,3237428
EWR,2007,Jul,2334422,1092047,3426469
EWR,2007,Aug,2405180,1101821,3507001
EWR,2007,Sep,1927620,891493,2819113
EWR,2007,Oct,2103207,892625,2995832
EWR,2007,Nov,2105633,810639,2916272
EWR,2007,Dec,2005969,860552,2866521
EWR,2006,Jan,1889977,699041,2589018
EWR,2006,Feb,1797923,616334,2414257
EWR,2006,Mar,2301841,814670,3116511
EWR,2006,Apr,2332424,849737,3182161
EWR,2006,May,2239076,875888,3114964
EWR,2006,Jun,2239039,953572,3192611
EWR,2006,Jul,2282214,1040318,3322532
EWR,2006,Aug,2276703,1021865,3298568
EWR,2006,Sep,1875925,823623,2699548
EWR,2006,Oct,2102370,810170,2912540
EWR,2006,Nov,2144194,734892,2879086
EWR,2006,Dec,2123615,789137,2912752
EWR,2005,Jan,1640542,688609,2329151
EWR,2005,Feb,1610796,594180,2204976
EWR,2005,Mar,2063051,768543,2831594
EWR,2005,Apr,1994576,759536,2754112
EWR,2005,May,1984962,787367,2772329
EWR,2005,Jun,2012728,846218,2858946
EWR,2005,Jul,2123903,991097,3115000
EWR,2005,Aug,2153888,966431,3120319
EWR,2005,Sep,1865950,794415,2660365
EWR,2005,Oct,2039042,764492,2803534
EWR,2005,Nov,2113354,676317,2789671
EWR,2005,Dec,2110676,728358,2839034
EWR,2004,Jan,1597117,626362,2223479
EWR,2004,Feb,1641858,568030,2209888
EWR,2004,Mar,1983622,702548,2686170
EWR,2004,Apr,2038110,722007,2760117
EWR,2004,May,1878649,741951,2620600
EWR,2004,Jun,2077995,831566,2909561
EWR,2004,Jul,2159263,920498,3079761
EWR,2004,Aug,2133765,917001,3050766
EWR,2004,Sep,1693134,723134,2416268
EWR,2004,Oct,1977950,735331,2713281
EWR,2004,Nov,1936231,672236,2608467
EWR,2004,Dec,1917529,697262,2614791
EWR,2003,Jan,1522783,550706,2073489
EWR,2003,Feb,1441862,484051,1925913
EWR,2003,Mar,1758528,579215,2337743
EWR,2003,Apr,1801044,540928,2341972
EWR,2003,May,1857913,609766,2467679
EWR,2003,Jun,1950100,716934,2667034
EWR,2003,Jul,2113097,792371,2905468
EWR,2003,Aug,2127951,835872,2963823
EWR,2003,Sep,1597690,651210,2248900
EWR,2003,Oct,1857656,665028,2522684
EWR,2003,Nov,1832896,599276,2432172
EWR,2003,Dec,1920210,642483,2562693
EWR,2002,Jan,1545399,493348,2038747
EWR,2002,Feb,1448197,472728,1920925
EWR,2002,Mar,1943843,615677,2559520
EWR,2002,Apr,1883709,570154,2453863
EWR,2002,May,1909890,635866,2545756
EWR,2002,Jun,1921283,721156,2642439
EWR,2002,Jul,2034653,759294,2793947
EWR,2002,Aug,2115946,779978,2895924
EWR,2002,Sep,1594390,615136,2209526
EWR,2002,Oct,1807824,596589,2404413
EWR,2002,Nov,1754822,525345,2280167
EWR,2002,Dec,1887649,587670,2475319
EWR,2001,Jan,1856477,559143,2415620
EWR,2001,Feb,1812275,489563,2301838
EWR,2001,Mar,2171839,662228,2834067
EWR,2001,Apr,2285866,688398,2974264
EWR,2001,May,2233953,682000,2915953
EWR,2001,Jun,2242856,789171,3032027
EWR,2001,Jul,2312063,843722,3155785
EWR,2001,Aug,2511043,846779,3357822
EWR,2001,Sep,1205893,508919,1714812
EWR,2001,Oct,1537279,426664,1963943
EWR,2001,Nov,1659770,437130,2096900
EWR,2001,Dec,1653423,520395,2173818
EWR,2000,Jan,1786677,522947,2309624
EWR,2000,Feb,1883715,517599,2401314
EWR,2000,Mar,2281973,688364,2970337
EWR,2000,Apr,2237427,681403,2918830
EWR,2000,May,2278495,709069,2987564
EWR,2000,Jun,2288961,771581,3060542
EWR,2000,Jul,2335457,849034,3184491
EWR,2000,Aug,2415175,861168,3276343
EWR,2000,Sep,1981710,752430,2734140
EWR,2000,Oct,2115006,662641,2777647
EWR,2000,Nov,2162774,606758,2769532
EWR,2000,Dec,2020527,587122,2607649
EWR,1999,Jan,1826768,493392,2320160
EWR,1999,Feb,1811407,465656,2277063
EWR,1999,Mar,2253173,608792,2861965
EWR,1999,Apr,2254274,596239,2850513
EWR,1999,May,2215820,629749,2845569
EWR,1999,Jun,2263151,696572,2959723
EWR,1999,Jul,2394338,763187,3157525
EWR,1999,Aug,2457280,810544,3267824
EWR,1999,Sep,2004829,673437,2678266
EWR,1999,Oct,2209256,669596,2878852
EWR,1999,Nov,2167058,599026,2766084
EWR,1999,Dec,2054106,527846,2581952
EWR,1998,Jan,1798426,418252,2216678
EWR,1998,Feb,1753320,392071,2145391
EWR,1998,Mar,2182667,521235,2703902
EWR,1998,Apr,2274008,537118,2811126
EWR,1998,May,2219614,579946,2799560
EWR,1998,Jun,2228784,621768,2850552
EWR,1998,Jul,2397600,678272,3075872
EWR,1998,Aug,2474586,705164,3179750
EWR,1998,Sep,2067783,597063,2664846
EWR,1998,Oct,2217772,573369,2791141
EWR,1998,Nov,2094048,485987,2580035
EWR,1998,Dec,2145310,503802,2649112
EWR,1997,Jan,1781310,333432,2114742
EWR,1997,Feb,1773861,312100,2085961
EWR,1997,Mar,2164991,407683,2572674
EWR,1997,Apr,2189801,411355,2601156
EWR,1997,May,2166028,478416,2644444
EWR,1997,Jun,2171288,530130,2701418
EWR,1997,Jul,2317217,612488,2929705
EWR,1997,Aug,2460153,643327,3103480
EWR,1997,Sep,2000004,521140,2521144
EWR,1997,Oct,2152502,490781,2643283
EWR,1997,Nov,2039269,434402,2473671
EWR,1997,Dec,2110563,443504,2554067
EWR,1996,Jan,1563868,272260,1836128
EWR,1996,Feb,1772626,283408,2056034
EWR,1996,Mar,2076637,373279,2449916
EWR,1996,Apr,2160599,366971,2527570
EWR,1996,May,2147439,375403,2522842
EWR,1996,Jun,2143370,422326,2565696
EWR,1996,Jul,2269369,489987,2759356
EWR,1996,Aug,2442865,518843,2961708
EWR,1996,Sep,1913448,401434,2314882
EWR,1996,Oct,2103367,392272,2495639
EWR,1996,Nov,1890636,337456,2228092
EWR,1996,Dec,2035476,354120,2389596
EWR,1995,Jan,1654848,249928,1904776
EWR,1995,Feb,1610023,226012,1836035
EWR,1995,Mar,1941291,313317,2254608
EWR,1995,Apr,2011251,309406,2320657
EWR,1995,May,1959335,306004,2265339
EWR,1995,Jun,1983310,354465,2337775
EWR,1995,Jul,2022585,400329,2422914
EWR,1995,Aug,2170792,424675,2595467
EWR,1995,Sep,1804766,358406,2163172
EWR,1995,Oct,1939047,327628,2266675
EWR,1995,Nov,1907732,283067,2190799
EWR,1995,Dec,1773720,291870,2065590
EWR,1994,Jan,1646956,236490,1883446
EWR,1994,Feb,1583763,204813,1788576
EWR,1994,Mar,2091169,282546,2373715
EWR,1994,Apr,2074237,273827,2348064
EWR,1994,May,2149570,301180,2450750
EWR,1994,Jun,2131656,357622,2489278
EWR,1994,Jul,2219185,399661,2618846
EWR,1994,Aug,2409440,414542,2823982
EWR,1994,Sep,2001941,331566,2333507
EWR,1994,Oct,2126195,318801,2444996
EWR,1994,Nov,2037917,260490,2298407
EWR,1994,Dec,1896504,267875,2164379
EWR,1993,Jan,1522377,234268,1756645
EWR,1993,Feb,1522954,200353,1723307
EWR,1993,Mar,1718147,248425,1966572
EWR,1993,Apr,1922891,261137,2184028
EWR,1993,May,1912529,277462,2189991
EWR,1993,Jun,1892803,341687,2234490
EWR,1993,Jul,1988286,373978,2362264
EWR,1993,Aug,2193672,389319,2582991
EWR,1993,Sep,1802846,311067,2113913
EWR,1993,Oct,1980462,304497,2284959
EWR,1993,Nov,1985246,249041,2234287
EWR,1993,Dec,1927879,248087,2175966
EWR,1992,Jan,1441859,220235,1662094
EWR,1992,Feb,1488239,202621,1690860
EWR,1992,Mar,1739728,251763,1991491
EWR,1992,Apr,1738485,265994,2004479
EWR,1992,May,1787889,278243,2066132
EWR,1992,Jun,1898180,310404,2208584
EWR,1992,Jul,1965025,365519,2330544
EWR,1992,Aug,2086210,390383,2476593
EWR,1992,Sep,1696915,296795,1993710
EWR,1992,Oct,1757424,282498,2039922
EWR,1992,Nov,1703513,232896,1936409
EWR,1992,Dec,1664920,218510,1883430
EWR,1991,Jan,1443309,162104,1605413
EWR,1991,Feb,1403846,137973,1541819
EWR,1991,Mar,1590066,183838,1773904
EWR,1991,Apr,1672345,195611,1867956
EWR,1991,May,1634813,234823,1869636
EWR,1991,Jun,1658216,267621,1925837
EWR,1991,Jul,1764039,312574,2076613
EWR,1991,Aug,1897677,335893,2233570
EWR,1991,Sep,1542919,264194,1807113
EWR,1991,Oct,1667822,251667,1919489
EWR,1991,Nov,1563251,213025,1776276
EWR,1991,Dec,1649746,226684,1876430
EWR,1990,Jan,1439633,131334,1570967
EWR,1990,Feb,1447344,123498,1570842
EWR,1990,Mar,1714823,164027,1878850
EWR,1990,Apr,1666420,196754,1863174
EWR,1990,May,1647063,230289,1877352
EWR,1990,Jun,1657967,267519,1925486
EWR,1990,Jul,1798852,316392,2115244
EWR,1990,Aug,1909848,326313,2236161
EWR,1990,Sep,1501292,236376,1737668
EWR,1990,Oct,1661035,213313,1874348
EWR,1990,Nov,1690869,185498,1876367
EWR,1990,Dec,1553221,175322,1728543
EWR,1989,Jan,1370196,87440,1457636
EWR,1989,Feb,1391887,86678,1478565
EWR,1989,Mar,1723514,112622,1836136
EWR,1989,Apr,1609960,107482,1717442
EWR,1989,May,1674540,128815,1803355
EWR,1989,Jun,1728313,179628,1907941
EWR,1989,Jul,1698019,211351,1909370
EWR,1989,Aug,1870740,214197,2084937
EWR,1989,Sep,1455833,159073,1614906
EWR,1989,Oct,1628639,139425,1768064
EWR,1989,Nov,1606276,129197,1735473
EWR,1989,Dec,1476586,129500,1606086
EWR,1988,Jan,1570523,74607,1645130
EWR,1988,Feb,1652559,76628,1729187
EWR,1988,Mar,1951219,88453,2039672
EWR,1988,Apr,1795733,84299,1880032
EWR,1988,May,1763502,94143,1857645
EWR,1988,Jun,1811385,110820,1922205
EWR,1988,Jul,1929619,124486,2054105
EWR,1988,Aug,2020438,140883,2161321
EWR,1988,Sep,1675479,106415,1781894
EWR,1988,Oct,1797100,93356,1890456
EWR,1988,Nov,1768427,80028,1848455
EWR,1988,Dec,1577810,83618,1661428
EWR,1987,Jan,1767299,49261,1816560
EWR,1987,Feb,1793941,46607,1840548
EWR,1987,Mar,2094234,57863,2152097
EWR,1987,Apr,2067714,57216,2124930
EWR,1987,May,1955273,59439,2014712
EWR,1987,Jun,1867279,63373,1930652
EWR,1987,Jul,2040419,85378,2125797
EWR,1987,Aug,2089965,104787,2194752
EWR,1987,Sep,1741857,82008,1823865
EWR,1987,Oct,1710679,72264,1782943
EWR,1987,Nov,1776433,53405,1829838
EWR,1987,Dec,1733074,88973,1822047
EWR,1986,Jan,2189090,54612,2243702
EWR,1986,Feb,2039904,45944,2085848
EWR,1986,Mar,2487364,66837,2554201
EWR,1986,Apr,2555878,68346,2624224
EWR,1986,May,2498540,60801,2559341
EWR,1986,Jun,2402176,73634,2475810
EWR,1986,Jul,2837659,93292,2930951
EWR,1986,Aug,3105558,110068,3215626
EWR,1986,Sep,2113105,73880,2186985
EWR,1986,Oct,2305130,60642,2365772
EWR,1986,Nov,2023320,47367,2070687
EWR,1986,Dec,2044062,63596,2107658
EWR,1985,Jan,1953864,42790,1996654
EWR,1985,Feb,1916917,32173,1949090
EWR,1985,Mar,2412705,52358,2465063
EWR,1985,Apr,2438878,65640,2504518
EWR,1985,May,2425050,68376,2493426
EWR,1985,Jun,2458176,79306,2537482
EWR,1985,Jul,2402182,99971,2502153
EWR,1985,Aug,2831108,110009,2941117
EWR,1985,Sep,2040503,88807,2129310
EWR,1985,Oct,2264354,71910,2336264
EWR,1985,Nov,2156816,52499,2209315
EWR,1985,Dec,2452540,58132,2510672
EWR,1984,Jan,1486514,27627,1514141
EWR,1984,Feb,1531759,28905,1560664
EWR,1984,Mar,1782391,38888,1821279
EWR,1984,Apr,1838435,46023,1884458
EWR,1984,May,1800000,48142,1848142
EWR,1984,Jun,1929177,54937,1984114
EWR,1984,Jul,2072463,94896,2167359
EWR,1984,Aug,2306738,108371,2415109
EWR,1984,Sep,1925651,80610,2006261
EWR,1984,Oct,2061620,65299,2126919
EWR,1984,Nov,2096052,49025,2145077
EWR,1984,Dec,2124751,49027,2173778
EWR,1983,Jan,1166404,13151,1179555
EWR,1983,Feb,1089158,14403,1103561
EWR,1983,Mar,1333014,20877,1353891
EWR,1983,Apr,1270088,23703,1293791
EWR,1983,May,1301830,26833,1328663
EWR,1983,Jun,1486098,38825,1524923
EWR,1983,Jul,1584159,50372,1634531
EWR,1983,Aug,1679437,52287,1731724
EWR,1983,Sep,1443344,38577,1481921
EWR,1983,Oct,1573895,31344,1605239
EWR,1983,Nov,1543542,27755,1571297
EWR,1983,Dec,1568857,24921,1593778
EWR,1982,Jan,813026,10298,823324
EWR,1982,Feb,798631,11490,810121
EWR,1982,Mar,951290,16693,967983
EWR,1982,Apr,1022220,18885,1041105
EWR,1982,May,955846,24303,980149
EWR,1982,Jun,975759,26315,1002074
EWR,1982,Jul,1041046,31240,1072286
EWR,1982,Aug,1074945,32302,1107247
EWR,1982,Sep,929714,22079,951793
EWR,1982,Oct,1069314,17564,1086878
EWR,1982,Nov,1078461,21344,1099805
EWR,1982,Dec,1131266,13758,1145024
EWR,1981,Jan,683598,4908,688506
EWR,1981,Feb,673055,5084,678139
EWR,1981,Mar,731444,7053,738497
EWR,1981,Apr,763972,11723,775695
EWR,1981,May,840418,13829,854247
EWR,1981,Jun,860528,22153,882681
EWR,1981,Jul,926348,33818,960166
EWR,1981,Aug,926142,33352,959494
EWR,1981,Sep,859953,18786,878739
EWR,1981,Oct,963998,14099,978097
EWR,1981,Nov,900788,9447,910235
EWR,1981,Dec,869180,7792,876972
EWR,1980,Jan,679806,11151,690957
EWR,1980,Feb,676298,13000,689298
EWR,1980,Mar,773541,16678,790219
EWR,1980,Apr,822562,19050,841612
EWR,1980,May,773797,23644,797441
EWR,1980,Jun,807849,22961,830810
EWR,1980,Jul,816321,24675,840996
EWR,1980,Aug,852387,22828,875215
EWR,1980,Sep,686687,14637,701324
EWR,1980,Oct,740678,15088,755766
EWR,1980,Nov,678989,12284,691273
EWR,1980,Dec,711799,6420,718219
EWR,1979,Jan,668233,15542,683775
EWR,1979,Feb,647702,18059,665761
EWR,1979,Mar,776863,20298,797161
EWR,1979,Apr,733117,40054,773171
EWR,1979,May,753146,47026,800172
EWR,1979,Jun,764736,41842,806578
EWR,1979,Jul,820392,47940,868332
EWR,1979,Aug,903776,41455,945231
EWR,1979,Sep,709615,27026,736641
EWR,1979,Oct,735697,28316,764013
EWR,1979,Nov,736356,15493,751849
EWR,1979,Dec,691501,12557,704058
EWR,1978,Jan,587824,8529,596353
EWR,1978,Feb,547916,10094,558010
EWR,1978,Mar,715219,19189,734408
EWR,1978,Apr,680825,19834,700659
EWR,1978,May,686437,29249,715686
EWR,1978,Jun,703427,28009,731436
EWR,1978,Jul,753650,36523,790173
EWR,1978,Aug,797689,36698,834387
EWR,1978,Sep,669873,25655,695528
EWR,1978,Oct,691071,26063,717134
EWR,1978,Nov,686047,16983,703030
EWR,1978,Dec,677936,13742,691678
EWR,1977,Jan,531581,9714,541295
EWR,1977,Feb,497774,12716,510490
EWR,1977,Mar,571872,17706,589578
EWR,1977,Apr,601788,23234,625022
EWR,1977,May,554973,21098,576071
EWR,1977,Jun,601233,20141,621374
EWR,1977,Jul,649929,25804,675733
EWR,1977,Aug,666594,28001,694595
EWR,1977,Sep,567372,20005,587377
EWR,1977,Oct,606764,19113,625877
EWR,1977,Nov,608185,16706,624891
EWR,1977,Dec,620236,9112,629348
JFK,2015,Jan,1891156,2060967,3952123
JFK,2015,Feb,1806434,1718574,3525008
JFK,2015,Mar,2209055,2208031,4417086
JFK,2015,Apr,2252631,2381501,4634132
JFK,2015,May,2359873,2605811,4965684
JFK,2015,Jun,2380699,2773121,5153820
JFK,2015,Jul,2530151,3117712,5647863
JFK,2015,Aug,2535971,3273753,5809724
JFK,2015,Sep,2134468,2647629,4782097
JFK,2015,Oct,2328298,2571768,4900066
JFK,2015,Nov,2137376,2204682,4342058
JFK,2015,Dec,2240741,2456752,4697493
JFK,2014,Jan,1733180,1999728,3732908
JFK,2014,Feb,1600197,1640381,3240578
JFK,2014,Mar,2050809,2083681,4134490
JFK,2014,Apr,2093860,2317134,4410994
JFK,2014,May,2194904,2493662,4688566
JFK,2014,Jun,2209709,2628862,4838571
JFK,2014,Jul,2344328,2888135,5232463
JFK,2014,Aug,2410907,3066280,5477187
JFK,2014,Sep,2094037,2446975,4541012
JFK,2014,Oct,2164407,2348874,4513281
JFK,2014,Nov,1968395,1991784,3960179
JFK,2014,Dec,2156699,2290822,4447521
JFK,2013,Jan,1837638,1889308,3726946
JFK,2013,Feb,1636127,1546573,3182700
JFK,2013,Mar,2081615,2085558,4167173
JFK,2013,Apr,1925830,2039148,3964978
JFK,2013,May,2059717,2263544,4323261
JFK,2013,Jun,2106371,2489940,4596311
JFK,2013,Jul,2241887,2726286,4968173
JFK,2013,Aug,2268278,2820169,5088447
JFK,2013,Sep,1904407,2306002,4210409
JFK,2013,Oct,1991650,2217538,4209188
JFK,2013,Nov,1813415,1904207,3717622
JFK,2013,Dec,2042240,2252910,4295150
JFK,2012,Jan,1775776,1746929,3522705
JFK,2012,Feb,1719169,1520808,3239977
JFK,2012,Mar,2151141,1903272,4054413
JFK,2012,Apr,2056205,2074905,4131110
JFK,2012,May,2069256,2127613,4196869
JFK,2012,Jun,2150154,2372295,4522449
JFK,2012,Jul,2279417,2630326,4909743
JFK,2012,Aug,2302256,2684475,4986731
JFK,2012,Sep,1935799,2199135,4134934
JFK,2012,Oct,1908691,1935361,3844052
JFK,2012,Nov,1901968,1836685,3738653
JFK,2012,Dec,1967251,2025289,3992540
JFK,2011,Jan,1693776,1702462,3396238
JFK,2011,Feb,1588173,1396263,2984436
JFK,2011,Mar,2054681,1799902,3854583
JFK,2011,Apr,1964274,2004774,3969048
JFK,2011,May,2091363,2091539,4182902
JFK,2011,Jun,2121592,2224340,4345932
JFK,2011,Jul,2301727,2522166,4823893
JFK,2011,Aug,2137664,2402236,4539900
JFK,2011,Sep,1951994,2080198,4032192
JFK,2011,Oct,1999591,1997183,3996774
JFK,2011,Nov,1950189,1746428,3696617
JFK,2011,Dec,1903489,1918593,3822082
JFK,2010,Jan,1715308,1630461,3345769
JFK,2010,Feb,1503016,1378458,2881474
JFK,2010,Mar,1929849,1736163,3666012
JFK,2010,Apr,1883394,1741319,3624713
JFK,2010,May,1931696,2001224,3932920
JFK,2010,Jun,2103377,2178694,4282071
JFK,2010,Jul,2230636,2456409,4687045
JFK,2010,Aug,2255111,2463475,4718586
JFK,2010,Sep,1915327,2017928,3933255
JFK,2010,Oct,2041014,1972179,4013193
JFK,2010,Nov,2022362,1723291,3745653
JFK,2010,Dec,1873187,1817008,3690195
JFK,2009,Jan,1768859,1594086,3362945
JFK,2009,Feb,1668416,1335194,3003610
JFK,2009,Mar,2036804,1617790,3654594
JFK,2009,Apr,2050726,1774888,3825614
JFK,2009,May,2108892,1799906,3908798
JFK,2009,Jun,2163606,1950310,4113916
JFK,2009,Jul,2341718,2252860,4594578
JFK,2009,Aug,2354053,2337290,4691343
JFK,2009,Sep,1861490,1902411,3763901
JFK,2009,Oct,1942384,1858685,3801069
JFK,2009,Nov,1812214,1625556,3437770
JFK,2009,Dec,1912071,1807733,3719804
JFK,2008,Jan,1901340,1688786,3590126
JFK,2008,Feb,1789300,1478928,3268228
JFK,2008,Mar,2199145,1869574,4068719
JFK,2008,Apr,2157392,1786495,3943887
JFK,2008,May,2194908,1969038,4163946
JFK,2008,Jun,2280630,2055406,4336036
JFK,2008,Jul,2455147,2314585,4769732
JFK,2008,Aug,2440754,2379731,4820485
JFK,2008,Sep,1884655,1842307,3726962
JFK,2008,Oct,1991425,1820051,3811476
JFK,2008,Nov,1894311,1607426,3501737
JFK,2008,Dec,2015061,1786721,3801782
JFK,2007,Jan,1934117,1554887,3489004
JFK,2007,Feb,1728976,1278281,3007257
JFK,2007,Mar,2246579,1668913,3915492
JFK,2007,Apr,2285032,1747415,4032447
JFK,2007,May,2307120,1792700,4099820
JFK,2007,Jun,2385845,1989380,4375225
JFK,2007,Jul,2433302,2221701,4655003
JFK,2007,Aug,2481621,2253727,4735348
JFK,2007,Sep,2004638,1834587,3839225
JFK,2007,Oct,2144204,1740731,3884935
JFK,2007,Nov,2134835,1635355,3770190
JFK,2007,Dec,2087422,1826448,3913870
JFK,2006,Jan,1704068,1390632,3094700
JFK,2006,Feb,1535355,1187143,2722498
JFK,2006,Mar,1924651,1510311,3434962
JFK,2006,Apr,1915554,1628713,3544267
JFK,2006,May,1792067,1628022,3420089
JFK,2006,Jun,1906245,1847236,3753481
JFK,2006,Jul,2163771,2047036,4210807
JFK,2006,Aug,2183797,2037103,4220900
JFK,2006,Sep,1756511,1677933,3434444
JFK,2006,Oct,1988098,1580810,3568908
JFK,2006,Nov,2034358,1450090,3484448
JFK,2006,Dec,2099024,1640354,3739378
JFK,2005,Jan,1641828,1396155,3037983
JFK,2005,Feb,1535891,1222661,2758552
JFK,2005,Mar,1949296,1539506,3488802
JFK,2005,Apr,1891377,1490679,3382056
JFK,2005,May,1888405,1611962,3500367
JFK,2005,Jun,1921091,1709719,3630810
JFK,2005,Jul,2173472,1972579,4146051
JFK,2005,Aug,2152808,1955533,4108341
JFK,2005,Sep,1632168,1597370,3229538
JFK,2005,Oct,1668789,1457056,3125845
JFK,2005,Nov,1820643,1369745,3190388
JFK,2005,Dec,1815786,1477392,3293178
JFK,2004,Jan,1402038,1263916,2665954
JFK,2004,Feb,1387648,1122131,2509779
JFK,2004,Mar,1623189,1343726,2966915
JFK,2004,Apr,1714237,1403896,3118133
JFK,2004,May,1657058,1377473,3034531
JFK,2004,Jun,1740155,1584770,3324925
JFK,2004,Jul,1949918,1825802,3775720
JFK,2004,Aug,2015439,1891652,3907091
JFK,2004,Sep,1522989,1513379,3036368
JFK,2004,Oct,1694992,1367766,3062758
JFK,2004,Nov,1683136,1305942,2989078
JFK,2004,Dec,1696934,1486305,3183239
JFK,2003,Jan,1228047,1229023,2457070
JFK,2003,Feb,1127640,978719,2106359
JFK,2003,Mar,1365018,1105164,2470182
JFK,2003,Apr,1337610,1016180,2353790
JFK,2003,May,1319779,1106725,2426504
JFK,2003,Jun,1378709,1350227,2728936
JFK,2003,Jul,1579892,1615435,3195327
JFK,2003,Aug,1588226,1731633,3319859
JFK,2003,Sep,1229075,1328589,2557664
JFK,2003,Oct,1374107,1266663,2640770
JFK,2003,Nov,1346812,1205984,2552796
JFK,2003,Dec,1561943,1365291,2927234
JFK,2002,Jan,959372,1057743,2017115
JFK,2002,Feb,927834,943061,1870895
JFK,2002,Mar,1197032,1239819,2436851
JFK,2002,Apr,1166390,1157688,2324078
JFK,2002,May,1195259,1237437,2432696
JFK,2002,Jun,1272939,1398616,2671555
JFK,2002,Jul,1418647,1590446,3009093
JFK,2002,Aug,1531346,1688137,3219483
JFK,2002,Sep,1142462,1322899,2465361
JFK,2002,Oct,1244743,1234364,2479107
JFK,2002,Nov,1176810,1138789,2315599
JFK,2002,Dec,1369020,1327335,2696355
JFK,2001,Jan,1037314,1284372,2321686
JFK,2001,Feb,942508,1142841,2085349
JFK,2001,Mar,1153372,1416996,2570368
JFK,2001,Apr,1211111,1497756,2708867
JFK,2001,May,1208178,1477377,2685555
JFK,2001,Jun,1282168,1641868,2924036
JFK,2001,Jul,1442110,1808772,3250882
JFK,2001,Aug,1522880,1886001,3408881
JFK,2001,Sep,765752,1104819,1870571
JFK,2001,Oct,858366,869969,1728335
JFK,2001,Nov,918337,811439,1729776
JFK,2001,Dec,980692,1046048,2026740
JFK,2000,Jan,957240,1264670,2221910
JFK,2000,Feb,936456,1175909,2112365
JFK,2000,Mar,1145731,1514846,2660577
JFK,2000,Apr,1170498,1577457,2747955
JFK,2000,May,1192309,1617881,2810190
JFK,2000,Jun,1242320,1767651,3009971
JFK,2000,Jul,1376392,1948270,3324662
JFK,2000,Aug,1463519,1954973,3418492
JFK,2000,Sep,1164708,1608614,2773322
JFK,2000,Oct,1189851,1517555,2707406
JFK,2000,Nov,1166281,1363285,2529566
JFK,2000,Dec,1154401,1356703,2511104
JFK,1999,Jan,955433,1265593,2221026
JFK,1999,Feb,866696,1073753,1940449
JFK,1999,Mar,1107216,1480384,2587600
JFK,1999,Apr,1103573,1409478,2513051
JFK,1999,May,1100462,1485728,2586190
JFK,1999,Jun,1243337,1716522,2959859
JFK,1999,Jul,1381257,1884606,3265863
JFK,1999,Aug,1419097,1977131,3396228
JFK,1999,Sep,1094561,1598371,2692932
JFK,1999,Oct,1130613,1569574,2700187
JFK,1999,Nov,1072703,1413626,2486329
JFK,1999,Dec,1028397,1329818,2358215
JFK,1998,Jan,1045191,1280675,2325866
JFK,1998,Feb,965754,1093670,2059424
JFK,1998,Mar,1053214,1411376,2464590
JFK,1998,Apr,1091837,1429185,2521022
JFK,1998,May,1156857,1501535,2658392
JFK,1998,Jun,1200855,1639271,2840126
JFK,1998,Jul,1283444,1839688,3123132
JFK,1998,Aug,1341168,1959253,3300421
JFK,1998,Sep,1078372,1593667,2672039
JFK,1998,Oct,981813,1488455,2470268
JFK,1998,Nov,959216,1257494,2216710
JFK,1998,Dec,1056846,1350057,2406903
JFK,1997,Jan,1020358,1217919,2238277
JFK,1997,Feb,926426,1029937,1956363
JFK,1997,Mar,1148255,1352463,2500718
JFK,1997,Apr,1114286,1315174,2429460
JFK,1997,May,1150725,1453234,2603959
JFK,1997,Jun,1238851,1592483,2831334
JFK,1997,Jul,1428428,1816538,3244966
JFK,1997,Aug,1490582,1967552,3458134
JFK,1997,Sep,1103866,1604777,2708643
JFK,1997,Oct,1117777,1472902,2590679
JFK,1997,Nov,1048528,1274818,2323346
JFK,1997,Dec,1123545,1347795,2471340
JFK,1996,Jan,940497,1122856,2063353
JFK,1996,Feb,932820,1025494,1958314
JFK,1996,Mar,1124081,1348262,2472343
JFK,1996,Apr,1096048,1339057,2435105
JFK,1996,May,1166614,1450553,2617167
JFK,1996,Jun,1236372,1660310,2896682
JFK,1996,Jul,1401685,1867333,3269018
JFK,1996,Aug,1458657,1982938,3441595
JFK,1996,Sep,1085316,1599069,2684385
JFK,1996,Oct,1096845,1496908,2593753
JFK,1996,Nov,1009917,1229270,2239187
JFK,1996,Dec,1153403,1331049,2484452
JFK,1995,Jan,975703,1172438,2148141
JFK,1995,Feb,842367,937542,1779909
JFK,1995,Mar,1031288,1226776,2258064
JFK,1995,Apr,1087175,1335672,2422847
JFK,1995,May,1086513,1367040,2453553
JFK,1995,Jun,1184171,1585006,2769177
JFK,1995,Jul,1361964,1881136,3243100
JFK,1995,Aug,1430013,1974130,3404143
JFK,1995,Sep,1136767,1601038,2737805
JFK,1995,Oct,1119173,1477635,2596808
JFK,1995,Nov,1037947,1206754,2244701
JFK,1995,Dec,1024260,1297765,2322025
JFK,1994,Jan,878366,1114676,1993042
JFK,1994,Feb,763036,845698,1608734
JFK,1994,Mar,1005660,1159672,2165332
JFK,1994,Apr,977567,1166494,2144061
JFK,1994,May,1051644,1271750,2323394
JFK,1994,Jun,1197600,1517262,2714862
JFK,1994,Jul,1391446,1800336,3191782
JFK,1994,Aug,1448786,1865714,3314500
JFK,1994,Sep,1119042,1495681,2614723
JFK,1994,Oct,1078276,1359548,2437824
JFK,1994,Nov,1012721,1130309,2143030
JFK,1994,Dec,1005004,1224896,2229900
JFK,1993,Jan,889468,1102018,1991486
JFK,1993,Feb,783213,873172,1656385
JFK,1993,Mar,900741,1076834,1977575
JFK,1993,Apr,927517,1133284,2060801
JFK,1993,May,963514,1227082,2190596
JFK,1993,Jun,1033436,1370955,2404391
JFK,1993,Jul,1200323,1666484,2866807
JFK,1993,Aug,1278928,1764196,3043124
JFK,1993,Sep,974744,1377227,2351971
JFK,1993,Oct,965675,1285823,2251498
JFK,1993,Nov,909043,1045750,1954793
JFK,1993,Dec,955211,1157407,2112618
JFK,1992,Jan,823754,1021107,1844861
JFK,1992,Feb,796468,900667,1697135
JFK,1992,Mar,969854,1124514,2094368
JFK,1992,Apr,996369,1143256,2139625
JFK,1992,May,1066605,1230155,2296760
JFK,1992,Jun,1229877,1391054,2620931
JFK,1992,Jul,1399118,1618227,3017345
JFK,1992,Aug,1466254,1782744,3248998
JFK,1992,Sep,1070651,1409102,2479753
JFK,1992,Oct,1013675,1294151,2307826
JFK,1992,Nov,894570,1041425,1935995
JFK,1992,Dec,930244,1110305,2040549
JFK,1991,Jan,853613,1043915,1897528
JFK,1991,Feb,724054,690266,1414320
JFK,1991,Mar,854369,998554,1852923
JFK,1991,Apr,932585,1093443,2026028
JFK,1991,May,970846,1255433,2226279
JFK,1991,Jun,1058203,1418259,2476462
JFK,1991,Jul,1170074,1640553,2810627
JFK,1991,Aug,1246021,1830862,3076883
JFK,1991,Sep,857900,1347842,2205742
JFK,1991,Oct,884544,1198955,2083499
JFK,1991,Nov,731657,973570,1705227
JFK,1991,Dec,866030,1060890,1926920
JFK,1990,Jan,933005,1186086,2119091
JFK,1990,Feb,854688,989109,1843797
JFK,1990,Mar,959106,1273385,2232491
JFK,1990,Apr,995023,1332779,2327802
JFK,1990,May,1056577,1403243,2459820
JFK,1990,Jun,1155224,1633332,2788556
JFK,1990,Jul,1278047,1867643,3145690
JFK,1990,Aug,1337624,2015617,3353241
JFK,1990,Sep,1022874,1542378,2565252
JFK,1990,Oct,962310,1312866,2275176
JFK,1990,Nov,849627,1029728,1879355
JFK,1990,Dec,875732,1164440,2040172
JFK,1989,Jan,917449,1159274,2076723
JFK,1989,Feb,800795,956144,1756939
JFK,1989,Mar,1024374,1262868,2287242
JFK,1989,Apr,1033597,1252110,2285707
JFK,1989,May,1107137,1392566,2499703
JFK,1989,Jun,1153353,1619146,2772499
JFK,1989,Jul,1247942,1871524,3119466
JFK,1989,Aug,1321862,1920042,3241904
JFK,1989,Sep,1029610,1575570,2605180
JFK,1989,Oct,1012729,1375720,2388449
JFK,1989,Nov,944342,1120721,2065063
JFK,1989,Dec,952122,1185889,2138011
JFK,1988,Jan,1057489,1134521,2192010
JFK,1988,Feb,996857,961000,1957857
JFK,1988,Mar,1166462,1230728,2397190
JFK,1988,Apr,1171581,1278082,2449663
JFK,1988,May,1233834,1337149,2570983
JFK,1988,Jun,1295227,1600387,2895614
JFK,1988,Jul,1471374,1957226,3428600
JFK,1988,Aug,1383358,1996533,3379891
JFK,1988,Sep,1030433,1569307,2599740
JFK,1988,Oct,988013,1399047,2387060
JFK,1988,Nov,893344,1115183,2008527
JFK,1988,Dec,917271,1170204,2087475
JFK,1987,Jan,987860,1064100,2051960
JFK,1987,Feb,986904,864365,1851269
JFK,1987,Mar,1204501,1101323,2305824
JFK,1987,Apr,1205301,1177491,2382792
JFK,1987,May,1205917,1327612,2533529
JFK,1987,Jun,1230027,1539964,2769991
JFK,1987,Jul,1373933,1868660,3242593
JFK,1987,Aug,1454699,1959698,3414397
JFK,1987,Sep,1107318,1494986,2602304
JFK,1987,Oct,1073363,1315887,2389250
JFK,1987,Nov,986887,1023184,2010071
JFK,1987,Dec,1076316,1100549,2176865
JFK,1986,Jan,1016021,1013284,2029305
JFK,1986,Feb,932534,811869,1744403
JFK,1986,Mar,1111719,1084593,2196312
JFK,1986,Apr,1080543,991883,2072426
JFK,1986,May,980291,1078661,2058952
JFK,1986,Jun,1088247,1284947,2373194
JFK,1986,Jul,1289840,1528849,2818689
JFK,1986,Aug,1422130,1709754,3131884
JFK,1986,Sep,1015713,1306435,2322148
JFK,1986,Oct,982593,1111330,2093923
JFK,1986,Nov,946054,945561,1891615
JFK,1986,Dec,1005690,1026217,2031907
JFK,1985,Jan,1195566,1011520,2207086
JFK,1985,Feb,1058598,844189,1902787
JFK,1985,Mar,1096505,1111283,2207788
JFK,1985,Apr,1138643,1138167,2276810
JFK,1985,May,1239712,1289605,2529317
JFK,1985,Jun,1256230,1565313,2821543
JFK,1985,Jul,1332837,1705175,3038012
JFK,1985,Aug,1351442,1746992,3098434
JFK,1985,Sep,999126,1344177,2343303
JFK,1985,Oct,982937,1148214,2131151
JFK,1985,Nov,908544,914822,1823366
JFK,1985,Dec,1060331,1005263,2065594
JFK,1984,Jan,1046851,894928,1941779
JFK,1984,Feb,1004207,762642,1766849
JFK,1984,Mar,1174393,979644,2154037
JFK,1984,Apr,1201092,1094535,2295627
JFK,1984,May,1311912,1248830,2560742
JFK,1984,Jun,1343020,1491218,2834238
JFK,1984,Jul,1445957,1704746,3150703
JFK,1984,Aug,1510167,1735363,3245530
JFK,1984,Sep,1230392,1509223,2739615
JFK,1984,Oct,1150372,1222091,2372463
JFK,1984,Nov,1097515,947415,2044930
JFK,1984,Dec,1110972,996760,2107732
JFK,1983,Jan,1243758,840381,2084139
JFK,1983,Feb,1038220,657706,1695926
JFK,1983,Mar,1234808,876036,2110844
JFK,1983,Apr,1113473,959084,2072557
JFK,1983,May,1171597,1088586,2260183
JFK,1983,Jun,1289919,1335632,2625551
JFK,1983,Jul,1440073,1605914,3045987
JFK,1983,Aug,1469803,1592357,3062160
JFK,1983,Sep,1168114,1319680,2487794
JFK,1983,Oct,1123551,1170467,2294018
JFK,1983,Nov,1024077,823819,1847896
JFK,1983,Dec,1067440,885533,1952973
JFK,1982,Jan,1058126,823279,1881405
JFK,1982,Feb,1021904,649828,1671732
JFK,1982,Mar,1159842,785560,1945402
JFK,1982,Apr,1207527,912300,2119827
JFK,1982,May,1188360,1029117,2217477
JFK,1982,Jun,1295091,1211605,2506696
JFK,1982,Jul,1441813,1491349,2933162
JFK,1982,Aug,1441291,1518089,2959380
JFK,1982,Sep,1118035,1206611,2324646
JFK,1982,Oct,1071950,1034607,2106557
JFK,1982,Nov,1006504,732850,1739354
JFK,1982,Dec,1131744,804585,1936329
JFK,1981,Jan,1124975,828192,1953167
JFK,1981,Feb,977366,656539,1633905
JFK,1981,Mar,1075967,794445,1870412
JFK,1981,Apr,1146481,926005,2072486
JFK,1981,May,1170401,1048712,2219113
JFK,1981,Jun,1219881,1188253,2408134
JFK,1981,Jul,1360739,1406608,2767347
JFK,1981,Aug,1323597,1447090,2770687
JFK,1981,Sep,1126698,1150244,2276942
JFK,1981,Oct,1107548,1000980,2108528
JFK,1981,Nov,1020799,754933,1775732
JFK,1981,Dec,1063511,822429,1885940
JFK,1980,Jan,1028417,753936,1782353
JFK,1980,Feb,965731,660111,1625842
JFK,1980,Mar,1109075,816499,1925574
JFK,1980,Apr,1054723,860818,1915541
JFK,1980,May,1075660,1000868,2076528
JFK,1980,Jun,1316267,1214445,2530712
JFK,1980,Jul,1454956,1435195,2890151
JFK,1980,Aug,1584468,1517282,3101750
JFK,1980,Sep,1114462,1170349,2284811
JFK,1980,Oct,1087405,985434,2072839
JFK,1980,Nov,1013234,759331,1772565
JFK,1980,Dec,1202867,811325,2014192
JFK,1979,Jan,1017507,756569,1774076
JFK,1979,Feb,936604,624652,1561256
JFK,1979,Mar,1119684,780413,1900097
JFK,1979,Apr,1136071,931539,2067610
JFK,1979,May,1113248,998050,2111298
JFK,1979,Jun,1302987,1221006,2523993
JFK,1979,Jul,1492541,1450741,2943282
JFK,1979,Aug,1588438,1516231,3104669
JFK,1979,Sep,1212008,1232986,2444994
JFK,1979,Oct,1133711,1033019,2166730
JFK,1979,Nov,1005048,742511,1747559
JFK,1979,Dec,1056703,769466,1826169
JFK,1978,Jan,911302,699367,1610669
JFK,1978,Feb,797726,556882,1354608
JFK,1978,Mar,999604,754572,1754176
JFK,1978,Apr,963973,769571,1733544
JFK,1978,May,1034430,908140,1942570
JFK,1978,Jun,1112250,1086179,2198429
JFK,1978,Jul,1339177,1379083,2718260
JFK,1978,Aug,1351556,1359328,2710884
JFK,1978,Sep,1073320,1168266,2241586
JFK,1978,Oct,1010651,918665,1929316
JFK,1978,Nov,920614,693946,1614560
JFK,1978,Dec,1026435,754656,1781091
JFK,1977,Jan,856626,630962,1487588
JFK,1977,Feb,722025,515694,1237719
JFK,1977,Mar,813601,636794,1450395
JFK,1977,Apr,876631,732528,1609159
JFK,1977,May,913548,810844,1724392
JFK,1977,Jun,969248,937148,1906396
JFK,1977,Jul,1171658,1201676,2373334
JFK,1977,Aug,1156680,1216307,2372987
JFK,1977,Sep,967237,1043742,2010979
JFK,1977,Oct,911275,894923,1806198
JFK,1977,Nov,812047,642079,1454126
JFK,1977,Dec,935748,711667,1647415
LGA,2015,Jan,1721701,110101,1831802
LGA,2015,Feb,1719642,111968,1831610
LGA,2015,Mar,2195996,134620,2330616
LGA,2015,Apr,2283953,149326,2433279
LGA,2015,May,2355438,167917,2523355
LGA,2015,Jun,2358051,176206,2534257
LGA,2015,Jul,2494981,178108,2673089
LGA,2015,Aug,2493267,182041,2675308
LGA,2015,Sep,2192655,147775,2340430
LGA,2015,Oct,2382229,147655,2529884
LGA,2015,Nov,2210872,122683,2333555
LGA,2015,Dec,2276138,124345,2400483
LGA,2014,Jan,1740863,120174,1861037
LGA,2014,Feb,1574688,110754,1685442
LGA,2014,Mar,2122691,143960,2266651
LGA,2014,Apr,2195152,150849,2346001
LGA,2014,May,2285832,162175,2448007
LGA,2014,Jun,2236604,166038,2402642
LGA,2014,Jul,2275495,165138,2440633
LGA,2014,Aug,2330939,191571,2522510
LGA,2014,Sep,1981632,163490,2145122
LGA,2014,Oct,2187774,167691,2355465
LGA,2014,Nov,2021647,131768,2153415
LGA,2014,Dec,2203885,141285,2345170
LGA,2013,Jan,1818815,108468,1927283
LGA,2013,Feb,1670234,102620,1772854
LGA,2013,Mar,2171871,134091,2305962
LGA,2013,Apr,2119247,128948,2248195
LGA,2013,May,2214654,157181,2371835
LGA,2013,Jun,2176267,154110,2330377
LGA,2013,Jul,2214278,165402,2379680
LGA,2013,Aug,2328892,191141,2520033
LGA,2013,Sep,1954875,151082,2105957
LGA,2013,Oct,2160223,160386,2320609
LGA,2013,Nov,1962790,129508,2092298
LGA,2013,Dec,2161426,144591,2306017
LGA,2012,Jan,1652614,75207,1727821
LGA,2012,Feb,1623437,75192,1698629
LGA,2012,Mar,1982554,91965,2074519
LGA,2012,Apr,2111555,94931,2206486
LGA,2012,May,2195624,107034,2302658
LGA,2012,Jun,2146424,133795,2280219
LGA,2012,Jul,2131226,151729,2282955
LGA,2012,Aug,2365071,173232,2538303
LGA,2012,Sep,1988164,145186,2133350
LGA,2012,Oct,2035268,140731,2175999
LGA,2012,Nov,1962093,122441,2084534
LGA,2012,Dec,2079999,122312,2202311
LGA,2011,Jan,1571377,65614,1636991
LGA,2011,Feb,1495060,60852,1555912
LGA,2011,Mar,1932517,75602,2008119
LGA,2011,Apr,1951493,79120,2030613
LGA,2011,May,2097610,94555,2192165
LGA,2011,Jun,2076672,93008,2169680
LGA,2011,Jul,2118203,99491,2217694
LGA,2011,Aug,2066419,102204,2168623
LGA,2011,Sep,1895083,97222,1992305
LGA,2011,Oct,2007632,98306,2105938
LGA,2011,Nov,1955839,83443,2039282
LGA,2011,Dec,1918851,86305,2005156
LGA,2010,Jan,1538945,60405,1599350
LGA,2010,Feb,1403170,56837,1460007
LGA,2010,Mar,1873436,84077,1957513
LGA,2010,Apr,1972712,90362,2063074
LGA,2010,May,2030954,97780,2128734
LGA,2010,Jun,2033339,92752,2126091
LGA,2010,Jul,2085743,95818,2181561
LGA,2010,Aug,2177789,106580,2284369
LGA,2010,Sep,1934759,93407,2028166
LGA,2010,Oct,2076770,94415,2171185
LGA,2010,Nov,1974646,80564,2055210
LGA,2010,Dec,1847852,79970,1927822
LGA,2009,Jan,1413644,68151,1481795
LGA,2009,Feb,1366727,68248,1434975
LGA,2009,Mar,1665130,82531,1747661
LGA,2009,Apr,1756004,82600,1838604
LGA,2009,May,1766907,91485,1858392
LGA,2009,Jun,1833892,86320,1920212
LGA,2009,Jul,2031010,93047,2124057
LGA,2009,Aug,2048463,96330,2144793
LGA,2009,Sep,1763572,86576,1850148
LGA,2009,Oct,1892205,92484,1984689
LGA,2009,Nov,1790837,76643,1867480
LGA,2009,Dec,1814622,85808,1900430
LGA,2008,Jan,1629370,89169,1718539
LGA,2008,Feb,1596247,89121,1685368
LGA,2008,Mar,1927550,97931,2025481
LGA,2008,Apr,1914963,93162,2008125
LGA,2008,May,1993688,100989,2094677
LGA,2008,Jun,1950273,96158,2046431
LGA,2008,Jul,2057938,99600,2157538
LGA,2008,Aug,2062772,108298,2171070
LGA,2008,Sep,1650215,90674,1740889
LGA,2008,Oct,1812797,93514,1906311
LGA,2008,Nov,1621829,84748,1706577
LGA,2008,Dec,1723750,88300,1812050
LGA,2007,Jan,1736905,86167,1823072
LGA,2007,Feb,1635327,82441,1717768
LGA,2007,Mar,2006142,97912,2104054
LGA,2007,Apr,2101837,103078,2204915
LGA,2007,May,2152015,110897,2262912
LGA,2007,Jun,2104271,109583,2213854
LGA,2007,Jul,2161005,112822,2273827
LGA,2007,Aug,2260178,125780,2385958
LGA,2007,Sep,1847770,104142,1951912
LGA,2007,Oct,2009476,108201,2117677
LGA,2007,Nov,1968216,95978,2064194
LGA,2007,Dec,1816223,89901,1906124
LGA,2006,Jan,1789716,93538,1883254
LGA,2006,Feb,1718656,89943,1808599
LGA,2006,Mar,2145004,109035,2254039
LGA,2006,Apr,2179389,104173,2283562
LGA,2006,May,2188837,118371,2307208
LGA,2006,Jun,2207115,116348,2323463
LGA,2006,Jul,2170480,118430,2288910
LGA,2006,Aug,2187589,131127,2318716
LGA,2006,Sep,1856415,115412,1971827
LGA,2006,Oct,2023061,111106,2134167
LGA,2006,Nov,2031169,105794,2136963
LGA,2006,Dec,1999551,100344,2099895
LGA,2005,Jan,1737565,107534,1845099
LGA,2005,Feb,1735356,112447,1847803
LGA,2005,Mar,2116868,130757,2247625
LGA,2005,Apr,2155693,122314,2278007
LGA,2005,May,2226903,136900,2363803
LGA,2005,Jun,2171577,135874,2307451
LGA,2005,Jul,2198819,139614,2338433
LGA,2005,Aug,2178445,137723,2316168
LGA,2005,Sep,1930206,119712,2049918
LGA,2005,Oct,1929177,115967,2045144
LGA,2005,Nov,2015567,113472,2129039
LGA,2005,Dec,2022055,98815,2120870
LGA,2004,Jan,1538918,67856,1606774
LGA,2004,Feb,1648419,75651,1724070
LGA,2004,Mar,1892149,88169,1980318
LGA,2004,Apr,2052048,97878,2149926
LGA,2004,May,1971188,103867,2075055
LGA,2004,Jun,2040763,109654,2150417
LGA,2004,Jul,2029260,120831,2150091
LGA,2004,Aug,2096899,132308,2229207
LGA,2004,Sep,1800554,109514,1910068
LGA,2004,Oct,2038554,126175,2164729
LGA,2004,Nov,2031132,119376,2150508
LGA,2004,Dec,2051726,110314,2162040
LGA,2003,Jan,1528195,79181,1607376
LGA,2003,Feb,1421599,74813,1496412
LGA,2003,Mar,1673521,93066,1766587
LGA,2003,Apr,1777485,73646,1851131
LGA,2003,May,1886078,83215,1969293
LGA,2003,Jun,1899492,93062,1992554
LGA,2003,Jul,1969507,103140,2072647
LGA,2003,Aug,1991701,104442,2096143
LGA,2003,Sep,1653420,83125,1736545
LGA,2003,Oct,1923958,93700,2017658
LGA,2003,Nov,1843391,85411,1928802
LGA,2003,Dec,1866899,80723,1947622
LGA,2002,Jan,1395823,58429,1454252
LGA,2002,Feb,1427357,65698,1493055
LGA,2002,Mar,1790425,81083,1871508
LGA,2002,Apr,1782354,79896,1862250
LGA,2002,May,1857931,94003,1951934
LGA,2002,Jun,1803460,104142,1907602
LGA,2002,Jul,1871042,112740,1983782
LGA,2002,Aug,1991831,132304,2124135
LGA,2002,Sep,1562663,97292,1659955
LGA,2002,Oct,1786605,105517,1892122
LGA,2002,Nov,1757074,94386,1851460
LGA,2002,Dec,1843010,91614,1934624
LGA,2001,Jan,1744251,89825,1834076
LGA,2001,Feb,1700530,89233,1789763
LGA,2001,Mar,1943570,91315,2034885
LGA,2001,Apr,2132363,111378,2243741
LGA,2001,May,2116036,118057,2234093
LGA,2001,Jun,2004465,114576,2119041
LGA,2001,Jul,2133152,118289,2251441
LGA,2001,Aug,2266227,134193,2400420
LGA,2001,Sep,1036179,58250,1094429
LGA,2001,Oct,1324592,73124,1397716
LGA,2001,Nov,1519246,74906,1594152
LGA,2001,Dec,1454652,71465,1526117
LGA,2000,Jan,1587840,95400,1683240
LGA,2000,Feb,1714895,94823,1809718
LGA,2000,Mar,2046459,106924,2153383
LGA,2000,Apr,2098734,107618,2206352
LGA,2000,May,2107186,124333,2231519
LGA,2000,Jun,2050242,123741,2173983
LGA,2000,Jul,2045337,122805,2168142
LGA,2000,Aug,2126031,130304,2256335
LGA,2000,Sep,1942715,120847,2063562
LGA,2000,Oct,2145728,113607,2259335
LGA,2000,Nov,2187729,114445,2302174
LGA,2000,Dec,1960943,91348,2052291
LGA,1999,Jan,1560894,84046,1644940
LGA,1999,Feb,1595388,90509,1685897
LGA,1999,Mar,1944180,100133,2044313
LGA,1999,Apr,1980027,104304,2084331
LGA,1999,May,1938664,119226,2057890
LGA,1999,Jun,1917498,118157,2035655
LGA,1999,Jul,1877860,124137,2001997
LGA,1999,Aug,2010313,130668,2140981
LGA,1999,Sep,1756099,118431,1874530
LGA,1999,Oct,2105321,127815,2233136
LGA,1999,Nov,2007084,113774,2120858
LGA,1999,Dec,1898732,103663,2002395
LGA,1998,Jan,1478356,80664,1559020
LGA,1998,Feb,1542309,83500,1625809
LGA,1998,Mar,1842572,97979,1940551
LGA,1998,Apr,1904293,94024,1998317
LGA,1998,May,1894976,107519,2002495
LGA,1998,Jun,1841910,115158,1957068
LGA,1998,Jul,1877759,113913,1991672
LGA,1998,Aug,1892415,124886,2017301
LGA,1998,Sep,1706798,98563,1805361
LGA,1998,Oct,1893310,116882,2010192
LGA,1998,Nov,1864139,108100,1972239
LGA,1998,Dec,1831958,99952,1931910
LGA,1997,Jan,1470202,86220,1556422
LGA,1997,Feb,1493297,90273,1583570
LGA,1997,Mar,1746010,106090,1852100
LGA,1997,Apr,1788890,109038,1897928
LGA,1997,May,1794132,119212,1913344
LGA,1997,Jun,1757601,112532,1870133
LGA,1997,Jul,1714767,111477,1826244
LGA,1997,Aug,1797196,129912,1927108
LGA,1997,Sep,1618516,117655,1736171
LGA,1997,Oct,1751641,113783,1865424
LGA,1997,Nov,1640218,106094,1746312
LGA,1997,Dec,1732781,99911,1832692
LGA,1996,Jan,1279074,82364,1361438
LGA,1996,Feb,1373622,89527,1463149
LGA,1996,Mar,1643608,112315,1755923
LGA,1996,Apr,1718166,115314,1833480
LGA,1996,May,1718306,128071,1846377
LGA,1996,Jun,1672267,119259,1791526
LGA,1996,Jul,1644060,117883,1761943
LGA,1996,Aug,1761793,138259,1900052
LGA,1996,Sep,1530415,116731,1647146
LGA,1996,Oct,1708944,121338,1830282
LGA,1996,Nov,1588878,111153,1700031
LGA,1996,Dec,1697973,109816,1807789
LGA,1995,Jan,1487670,84277,1571947
LGA,1995,Feb,1411963,80722,1492685
LGA,1995,Mar,1654463,104393,1758856
LGA,1995,Apr,1682247,98524,1780771
LGA,1995,May,1694011,112374,1806385
LGA,1995,Jun,1666008,118233,1784241
LGA,1995,Jul,1579433,110744,1690177
LGA,1995,Aug,1718394,127655,1846049
LGA,1995,Sep,1559062,123360,1682422
LGA,1995,Oct,1672027,125909,1797936
LGA,1995,Nov,1649930,106648,1756578
LGA,1995,Dec,1534131,97032,1631163
LGA,1994,Jan,1347829,77565,1425394
LGA,1994,Feb,1283947,70934,1354881
LGA,1994,Mar,1638790,98572,1737362
LGA,1994,Apr,1654613,95303,1749916
LGA,1994,May,1748478,106304,1854782
LGA,1994,Jun,1672017,115551,1787568
LGA,1994,Jul,1631811,106200,1738011
LGA,1994,Aug,1761005,122408,1883413
LGA,1994,Sep,1592892,112633,1705525
LGA,1994,Oct,1715212,110978,1826190
LGA,1994,Nov,1793885,95259,1889144
LGA,1994,Dec,1667780,88264,1756044
LGA,1993,Jan,1357765,79662,1437427
LGA,1993,Feb,1315930,76099,1392029
LGA,1993,Mar,1483493,85427,1568920
LGA,1993,Apr,1608522,92327,1700849
LGA,1993,May,1569754,102890,1672644
LGA,1993,Jun,1517635,108818,1626453
LGA,1993,Jul,1562975,110261,1673236
LGA,1993,Aug,1744601,121673,1866274
LGA,1993,Sep,1584867,109750,1694617
LGA,1993,Oct,1657435,110986,1768421
LGA,1993,Nov,1630707,96832,1727539
LGA,1993,Dec,1579776,96381,1676157
LGA,1992,Jan,1356125,77591,1433716
LGA,1992,Feb,1405131,81405,1486536
LGA,1992,Mar,1488342,89869,1578211
LGA,1992,Apr,1482788,94524,1577312
LGA,1992,May,1542109,109456,1651565
LGA,1992,Jun,1651007,112047,1763054
LGA,1992,Jul,1739300,106938,1846238
LGA,1992,Aug,1824702,122691,1947393
LGA,1992,Sep,1551527,109811,1661338
LGA,1992,Oct,1540558,107478,1648036
LGA,1992,Nov,1526083,94238,1620321
LGA,1992,Dec,1448280,83847,1532127
LGA,1991,Jan,1452672,75981,1528653
LGA,1991,Feb,1271543,78329,1349872
LGA,1991,Mar,1460206,91732,1551938
LGA,1991,Apr,1604315,93979,1698294
LGA,1991,May,1622436,111366,1733802
LGA,1991,Jun,1555858,104590,1660448
LGA,1991,Jul,1568259,106470,1674729
LGA,1991,Aug,1716439,129429,1845868
LGA,1991,Sep,1481953,102021,1583974
LGA,1991,Oct,1628454,115309,1743763
LGA,1991,Nov,1528121,93713,1621834
LGA,1991,Dec,1605602,87479,1693081
LGA,1990,Jan,1713086,97094,1810180
LGA,1990,Feb,1705742,99261,1805003
LGA,1990,Mar,1892589,119794,2012383
LGA,1990,Apr,1933549,116272,2049821
LGA,1990,May,1831837,119379,1951216
LGA,1990,Jun,1832046,116698,1948744
LGA,1990,Jul,1811424,119463,1930887
LGA,1990,Aug,2023754,141206,2164960
LGA,1990,Sep,1634838,116717,1751555
LGA,1990,Oct,1743620,118019,1861639
LGA,1990,Nov,1689195,107253,1796448
LGA,1990,Dec,1588121,93647,1681768
LGA,1989,Jan,1676611,86741,1763352
LGA,1989,Feb,1635141,88191,1723332
LGA,1989,Mar,1778653,118230,1896883
LGA,1989,Apr,1746567,113949,1860516
LGA,1989,May,1813340,137576,1950916
LGA,1989,Jun,1884289,136952,2021241
LGA,1989,Jul,1833082,138931,1972013
LGA,1989,Aug,2083381,162101,2245482
LGA,1989,Sep,1739093,138584,1877677
LGA,1989,Oct,1898855,134297,2033152
LGA,1989,Nov,1841691,120544,1962235
LGA,1989,Dec,1745171,106347,1851518
LGA,1988,Jan,1633665,85528,1719193
LGA,1988,Feb,1734806,92683,1827489
LGA,1988,Mar,2017989,111461,2129450
LGA,1988,Apr,1961548,109614,2071162
LGA,1988,May,1994697,128256,2122953
LGA,1988,Jun,1969095,124936,2094031
LGA,1988,Jul,1951266,124964,2076230
LGA,1988,Aug,2083937,148106,2232043
LGA,1988,Sep,1813220,123933,1937153
LGA,1988,Oct,1926140,122407,2048547
LGA,1988,Nov,1912407,110472,2022879
LGA,1988,Dec,1784888,92762,1877650
LGA,1987,Jan,1603973,9893,1613866
LGA,1987,Feb,1744109,11018,1755127
LGA,1987,Mar,2069603,15128,2084731
LGA,1987,Apr,2177234,16338,2193572
LGA,1987,May,2142530,17529,2160059
LGA,1987,Jun,2079258,15934,2095192
LGA,1987,Jul,2119994,18446,2138440
LGA,1987,Aug,2242719,19551,2262270
LGA,1987,Sep,2001398,13907,2015305
LGA,1987,Oct,2068385,14095,2082480
LGA,1987,Nov,1939123,14030,1953153
LGA,1987,Dec,1861880,9838,1871718
LGA,1986,Jan,1525949,10887,1536836
LGA,1986,Feb,1465713,12540,1478253
LGA,1986,Mar,1789086,19676,1808762
LGA,1986,Apr,1832772,18875,1851647
LGA,1986,May,1899365,20784,1920149
LGA,1986,Jun,1855564,16303,1871867
LGA,1986,Jul,1883381,18704,1902085
LGA,1986,Aug,2037712,20139,2057851
LGA,1986,Sep,1847530,14082,1861612
LGA,1986,Oct,1966821,15108,1981929
LGA,1986,Nov,1900657,16267,1916924
LGA,1986,Dec,1866983,11605,1878588
LGA,1985,Jan,1456095,2883,1458978
LGA,1985,Feb,1396982,2992,1399974
LGA,1985,Mar,1778202,6105,1784307
LGA,1985,Apr,1788027,6153,1794180
LGA,1985,May,1831206,6576,1837782
LGA,1985,Jun,1788265,17602,1805867
LGA,1985,Jul,1715580,18286,1733866
LGA,1985,Aug,1835157,22058,1857215
LGA,1985,Sep,1533839,13317,1547156
LGA,1985,Oct,1736848,11725,1748573
LGA,1985,Nov,1652509,14484,1666993
LGA,1985,Dec,1766298,13575,1779873
LGA,1984,Jan,1432496,0,1432496
LGA,1984,Feb,1397787,0,1397787
LGA,1984,Mar,1586618,0,1586618
LGA,1984,Apr,1698476,0,1698476
LGA,1984,May,1804596,0,1804596
LGA,1984,Jun,1825590,0,1825590
LGA,1984,Jul,1703797,0,1703797
LGA,1984,Aug,1883816,0,1883816
LGA,1984,Sep,1690573,0,1690573
LGA,1984,Oct,1824310,0,1824310
LGA,1984,Nov,1723097,0,1723097
LGA,1984,Dec,1594769,2095,1596864
LGA,1983,Jan,1390367,0,1390367
LGA,1983,Feb,1254491,0,1254491
LGA,1983,Mar,1594280,0,1594280
LGA,1983,Apr,1557807,0,1557807
LGA,1983,May,1645387,0,1645387
LGA,1983,Jun,1678313,0,1678313
LGA,1983,Jul,1554027,0,1554027
LGA,1983,Aug,1662549,0,1662549
LGA,1983,Sep,1552349,0,1552349
LGA,1983,Oct,1652944,0,1652944
LGA,1983,Nov,1602832,0,1602832
LGA,1983,Dec,1532041,0,1532041
LGA,1982,Jan,1345864,0,1345864
LGA,1982,Feb,1332936,0,1332936
LGA,1982,Mar,1534190,0,1534190
LGA,1982,Apr,1592811,0,1592811
LGA,1982,May,1621771,0,1621771
LGA,1982,Jun,1682441,0,1682441
LGA,1982,Jul,1585667,0,1585667
LGA,1982,Aug,1684885,0,1684885
LGA,1982,Sep,1486158,0,1486158
LGA,1982,Oct,1575306,0,1575306
LGA,1982,Nov,1520006,0,1520006
LGA,1982,Dec,1462859,0,1462859
LGA,1981,Jan,1349337,0,1349337
LGA,1981,Feb,1195161,0,1195161
LGA,1981,Mar,1438220,0,1438220
LGA,1981,Apr,1585067,0,1585067
LGA,1981,May,1650182,0,1650182
LGA,1981,Jun,1651755,0,1651755
LGA,1981,Jul,1658728,0,1658728
LGA,1981,Aug,1465238,0,1465238
LGA,1981,Sep,1440891,0,1440891
LGA,1981,Oct,1578394,0,1578394
LGA,1981,Nov,1518668,0,1518668
LGA,1981,Dec,1564865,0,1564865
LGA,1980,Jan,1325298,0,1325298
LGA,1980,Feb,1287530,0,1287530
LGA,1980,Mar,1455089,0,1455089
LGA,1980,Apr,1418434,0,1418434
LGA,1980,May,1547202,0,1547202
LGA,1980,Jun,1602943,0,1602943
LGA,1980,Jul,1516070,0,1516070
LGA,1980,Aug,1596059,0,1596059
LGA,1980,Sep,1415116,0,1415116
LGA,1980,Oct,1509227,0,1509227
LGA,1980,Nov,1355755,0,1355755
LGA,1980,Dec,1392011,0,1392011
LGA,1979,Jan,1321336,0,1321336
LGA,1979,Feb,1227198,0,1227198
LGA,1979,Mar,1541146,0,1541146
LGA,1979,Apr,1643366,0,1643366
LGA,1979,May,1646717,0,1646717
LGA,1979,Jun,1683985,0,1683985
LGA,1979,Jul,1595552,0,1595552
LGA,1979,Aug,1754145,0,1754145
LGA,1979,Sep,1477617,0,1477617
LGA,1979,Oct,1575112,0,1575112
LGA,1979,Nov,1515968,0,1515968
LGA,1979,Dec,1365713,0,1365713
LGA,1978,Jan,1175090,0,1175090
LGA,1978,Feb,1055250,0,1055250
LGA,1978,Mar,1427227,0,1427227
LGA,1978,Apr,1434159,0,1434159
LGA,1978,May,1515759,0,1515759
LGA,1978,Jun,1543827,0,1543827
LGA,1978,Jul,1471946,0,1471946
LGA,1978,Aug,1628138,0,1628138
LGA,1978,Sep,1462326,0,1462326
LGA,1978,Oct,1487349,0,1487349
LGA,1978,Nov,1462906,0,1462906
LGA,1978,Dec,1377134,224,1377358
LGA,1977,Jan,1093062,0,1093062
LGA,1977,Feb,1020854,0,1020854
LGA,1977,Mar,1214632,0,1214632
LGA,1977,Apr,1257855,0,1257855
LGA,1977,May,1263020,0,1263020
LGA,1977,Jun,1317957,0,1317957
LGA,1977,Jul,1265405,0,1265405
LGA,1977,Aug,1369092,0,1369092
LGA,1977,Sep,1268316,0,1268316
LGA,1977,Oct,1346132,0,1346132
LGA,1977,Nov,1323301,0,1323301
LGA,1977,Dec,1293393,0,1293393
SWF,2015,Jan,20952,0,20952
SWF,2015,Feb,19816,0,19816
SWF,2015,Mar,22294,0,22294
SWF,2015,Apr,23984,0,23984
SWF,2015,May,25977,0,25977
SWF,2015,Jun,24167,0,24167
SWF,2015,Jul,26928,0,26928
SWF,2015,Aug,27041,0,27041
SWF,2015,Sep,23778,0,23778
SWF,2015,Oct,22470,0,22470
SWF,2015,Nov,22093,0,22093
SWF,2015,Dec,22254,0,22254
SWF,2014,Jan,24681,0,24681
SWF,2014,Feb,21368,0,21368
SWF,2014,Mar,25911,0,25911
SWF,2014,Apr,26616,0,26616
SWF,2014,May,28897,0,28897
SWF,2014,Jun,26183,0,26183
SWF,2014,Jul,28180,0,28180
SWF,2014,Aug,28212,0,28212
SWF,2014,Sep,25239,0,25239
SWF,2014,Oct,26703,0,26703
SWF,2014,Nov,23367,0,23367
SWF,2014,Dec,24000,0,24000
SWF,2013,Jan,24331,0,24331
SWF,2013,Feb,22549,0,22549
SWF,2013,Mar,29045,0,29045
SWF,2013,Apr,25696,0,25696
SWF,2013,May,25677,0,25677
SWF,2013,Jun,25023,0,25023
SWF,2013,Jul,31538,0,31538
SWF,2013,Aug,32264,0,32264
SWF,2013,Sep,25210,0,25210
SWF,2013,Oct,26280,0,26280
SWF,2013,Nov,26028,0,26028
SWF,2013,Dec,27041,0,27041
SWF,2012,Jan,29105,0,29105
SWF,2012,Feb,30184,0,30184
SWF,2012,Mar,35315,0,35315
SWF,2012,Apr,33236,0,33236
SWF,2012,May,31419,0,31419
SWF,2012,Jun,31472,0,31472
SWF,2012,Jul,36892,0,36892
SWF,2012,Aug,37758,0,37758
SWF,2012,Sep,24235,0,24235
SWF,2012,Oct,24018,0,24018
SWF,2012,Nov,25038,0,25038
SWF,2012,Dec,26176,0,26176
SWF,2011,Jan,29026,0,29026
SWF,2011,Feb,28069,503,28572
SWF,2011,Mar,34389,545,34934
SWF,2011,Apr,33183,553,33736
SWF,2011,May,34474,0,34474
SWF,2011,Jun,34515,0,34515
SWF,2011,Jul,41148,0,41148
SWF,2011,Aug,41216,0,41216
SWF,2011,Sep,33584,0,33584
SWF,2011,Oct,36297,0,36297
SWF,2011,Nov,33288,0,33288
SWF,2011,Dec,32864,0,32864
SWF,2010,Jan,30659,0,30659
SWF,2010,Feb,27596,0,27596
SWF,2010,Mar,34393,0,34393
SWF,2010,Apr,33506,0,33506
SWF,2010,May,35971,0,35971
SWF,2010,Jun,33278,0,33278
SWF,2010,Jul,36121,0,36121
SWF,2010,Aug,36911,0,36911
SWF,2010,Sep,31316,0,31316
SWF,2010,Oct,33576,0,33576
SWF,2010,Nov,30089,0,30089
SWF,2010,Dec,31486,0,31486
SWF,2009,Jan,30669,0,30669
SWF,2009,Feb,29991,0,29991
SWF,2009,Mar,31786,0,31786
SWF,2009,Apr,32283,0,32283
SWF,2009,May,34155,0,34155
SWF,2009,Jun,32812,0,32812
SWF,2009,Jul,36053,0,36053
SWF,2009,Aug,36263,0,36263
SWF,2009,Sep,30616,0,30616
SWF,2009,Oct,33357,0,33357
SWF,2009,Nov,30892,0,30892
SWF,2009,Dec,31188,0,31188
SWF,2008,Jan,87180,0,87180
SWF,2008,Feb,86517,0,86517
SWF,2008,Mar,106681,0,106681
SWF,2008,Apr,89820,0,89820
SWF,2008,May,72197,0,72197
SWF,2008,Jun,68464,0,68464
SWF,2008,Jul,75543,0,75543
SWF,2008,Aug,72670,0,72670
SWF,2008,Sep,33495,0,33495
SWF,2008,Oct,33794,0,33794
SWF,2008,Nov,31265,0,31265
SWF,2008,Dec,31681,0,31681
SWF,2007,Jan,57638,0,57638
SWF,2007,Feb,67944,0,67944
SWF,2007,Mar,81996,0,81996
SWF,2007,Apr,84954,0,84954
SWF,2007,May,75198,0,75198
SWF,2007,Jun,74144,0,74144
SWF,2007,Jul,89703,0,89703
SWF,2007,Aug,89837,0,89837
SWF,2007,Sep,57934,0,57934
SWF,2007,Oct,70977,0,70977
SWF,2007,Nov,80049,0,80049
SWF,2007,Dec,83553,0,83553
SWF,2006,Jan,22769,19,22788
SWF,2006,Feb,22228,0,22228
SWF,2006,Mar,25211,0,25211
SWF,2006,Apr,26136,0,26136
SWF,2006,May,27271,0,27271
SWF,2006,Jun,26746,0,26746
SWF,2006,Jul,31068,0,31068
SWF,2006,Aug,30354,125,30479
SWF,2006,Sep,21251,0,21251
SWF,2006,Oct,22473,0,22473
SWF,2006,Nov,23186,0,23186
SWF,2006,Dec,31084,0,31084
SWF,2005,Dec,398214,6,398220
SWF,2004,Dec,510563,0,510563
SWF,2003,Dec,400464,375,400839
SWF,2002,Dec,227834,0,227834
SWF,2001,Dec,283960,125,284085
SWF,2000,Dec,402419,228,402647
SWF,1999,Dec,362143,336,362479
SWF,1998,Dec,518097,350,518447
SWF,1997,Dec,719188,6,719194
SWF,1996,Dec,730026,6,730032
SWF,1995,Dec,709628,4314,713942
SWF,1994,Dec,689964,4682,694646
